Workbook

Sheet 生猪产品价格
A1: 时间 | B1: 周期 | C1: 仔猪价格（元/kg） | D1: 生猪价格（元/kg） | E1: 生猪(出栏)价格（元/kg） | F1: 猪肉价格（元/kg） | G1: 仔猪环比 | H1: 仔猪同比 | I1: 生猪环比 | J1: 生猪同比 | K1: 生猪(出栏)环比 | L1: 生猪(出栏)同比 | M1: 猪肉环比 | N1: 猪肉同比
A2: 46183 | B2: 6月第1周 | C2: =集贸价格明细!H2 -> 23.3 | D2: =集贸价格明细!H3 -> 10.14 | F2: =集贸价格明细!H4 -> 19.84 | G2: =集贸价格明细!K2 -> -0.6 | H2: =集贸价格明细!M2 -> -39 | I2: =集贸价格明细!K3 -> 0 | J2: =集贸价格明细!M3 -> -31.4 | M2: =集贸价格明细!K4 -> -0.5 | N2: =集贸价格明细!M4 -> -22.2
A3: 46176 | B3: 5月第4周 | C3: =集贸价格明细!H24 -> 23.44 | D3: =集贸价格明细!H25 -> 10.14 | F3: =集贸价格明细!H26 -> 19.94 | G3: =集贸价格明细!K24 -> 0.2 | H3: =集贸价格明细!M24 -> -39.3 | I3: =集贸价格明细!K25 -> 0.2 | J3: =集贸价格明细!M25 -> -31.7 | M3: =集贸价格明细!K26 -> -0.2 | N3: =集贸价格明细!M26 -> -22.1
A4: 46168 | B4: 5月第3周 | C4: =集贸价格明细!H46 -> 23.39 | D4: =集贸价格明细!H47 -> 10.12 | F4: =集贸价格明细!H48 -> 19.98 | G4: =集贸价格明细!K46 -> 0.3 | H4: =集贸价格明细!M46 -> -40 | I4: =集贸价格明细!K47 -> -0.4 | J4: =集贸价格明细!M47 -> -32.2 | M4: =集贸价格明细!K48 -> -0.4 | N4: =集贸价格明细!M48 -> -22.2
A5: 46162 | B5: 5月第2周 | C5: =集贸价格明细!H68 -> 23.31 | D5: =集贸价格明细!H69 -> 10.16 | F5: =集贸价格明细!H70 -> 20.06 | G5: =集贸价格明细!K68 -> 0.2 | H5: =集贸价格明细!M68 -> -40.8 | I5: =集贸价格明细!K69 -> -0.3 | J5: =集贸价格明细!M69 -> -32.7 | M5: =集贸价格明细!K70 -> -0.3 | N5: =集贸价格明细!M70 -> -22.4
A6: 46156 | B6: 5月第1周 | C6: =集贸价格明细!H90 -> 23.26 | D6: =集贸价格明细!H91 -> 10.19 | F6: =集贸价格明细!H92 -> 20.12 | G6: =集贸价格明细!K90 -> 0.6 | H6: =集贸价格明细!M90 -> -41.2 | I6: =集贸价格明细!K91 -> 0.1 | J6: =集贸价格明细!M91 -> -32.8 | M6: =集贸价格明细!K92 -> 0 | N6: =集贸价格明细!M92 -> -22.6
A7: 46151 | B7: 4月第5周 | C7: =集贸价格明细!H112 -> 23.11 | D7: =集贸价格明细!H113 -> 10.18 | F7: =集贸价格明细!H114 -> 20.12 | G7: =集贸价格明细!K112 -> 0.7 | H7: =集贸价格明细!M112 -> -41.5 | I7: =集贸价格明细!K113 -> 1.8 | J7: =集贸价格明细!M113 -> -33.1 | M7: =集贸价格明细!K114 -> 0.2 | N7: =集贸价格明细!M114 -> -22.7
A8: 46151 | B8: 4月第4周 | C8: =集贸价格明细!H134 -> 22.94 | D8: =集贸价格明细!H135 -> 10 | F8: =集贸价格明细!H136 -> 20.08 | G8: =集贸价格明细!K134 -> -0.7 | H8: =集贸价格明细!M134 -> -41.9 | I8: =集贸价格明细!K135 -> 2.6 | J8: =集贸价格明细!M135 -> -34.6 | M8: =集贸价格明细!K136 -> -0.1 | N8: =集贸价格明细!M136 -> -23.1
A9: 46134 | B9: 4月第3周 | C9: =集贸价格明细!H156 -> 23.11 | D9: =集贸价格明细!H157 -> 9.75 | F9: =集贸价格明细!H158 -> 20.1 | G9: =集贸价格明细!K156 -> -2.8 | H9: =集贸价格明细!M156 -> -41 | I9: =集贸价格明细!K157 -> -2.8 | J9: =集贸价格明细!M157 -> -35.9 | M9: =集贸价格明细!K158 -> -2 | N9: =集贸价格明细!M158 -> -22.9
A10: 46127 | B10: 4月第2周 | C10: =集贸价格明细!H178 -> 23.77 | D10: =集贸价格明细!H179 -> 10.03 | F10: =集贸价格明细!H180 -> 20.5 | G10: =集贸价格明细!K178 -> -3.2 | H10: =集贸价格明细!M178 -> -39 | I10: =集贸价格明细!K179 -> -3.6 | J10: =集贸价格明细!M179 -> -33.7 | M10: =集贸价格明细!K180 -> -2.5 | N10: =集贸价格明细!M180 -> -21.2
A11: 46120 | B11: 4月第1周 | C11: =集贸价格明细!H200 -> 24.56 | D11: =集贸价格明细!H201 -> 10.4 | F11: =集贸价格明细!H202 -> 21.03 | G11: =集贸价格明细!K200 -> -3.4 | H11: =集贸价格明细!M200 -> -36.5 | I11: =集贸价格明细!K201 -> -2.6 | J11: =集贸价格明细!M201 -> -31.4 | M11: =集贸价格明细!K202 -> -2.3 | N11: =集贸价格明细!M202 -> -19.5
A12: 46111 | B12: 3月第4周 | C12: =集贸价格明细!H222 -> 25.42 | D12: =集贸价格明细!H223 -> 10.68 | F12: =集贸价格明细!H224 -> 21.52 | G12: =集贸价格明细!K222 -> -3 | H12: =集贸价格明细!M222 -> -33.3 | I12: =集贸价格明细!K223 -> -3.3 | J12: =集贸价格明细!M223 -> -29.8 | M12: =集贸价格明细!K224 -> -2.2 | N12: =集贸价格明细!M224 -> -17.8
A13: 46106 | B13: 3月第3周 | C13: =集贸价格明细!H244 -> 26.2 | D13: =集贸价格明细!H245 -> 11.05 | F13: =集贸价格明细!H246 -> 22 | G13: =集贸价格明细!K244 -> -2.6 | H13: =集贸价格明细!M244 -> -30 | I13: =集贸价格明细!K245 -> -2.9 | J13: =集贸价格明细!M245 -> -28 | M13: =集贸价格明细!K246 -> -2.1 | N13: =集贸价格明细!M246 -> -16.5
A14: 46099 | B14: 3月第2周 | C14: =集贸价格明细!H266 -> 26.9 | D14: =集贸价格明细!H267 -> 11.38 | F14: =集贸价格明细!H268 -> 22.48 | G14: =集贸价格明细!K266 -> -2 | H14: =集贸价格明细!M266 -> -27.1 | I14: =集贸价格明细!K267 -> -4.3 | J14: =集贸价格明细!M267 -> -26.1 | M14: =集贸价格明细!K268 -> -2.4 | N14: =集贸价格明细!M268 -> -15
A15: 46091 | B15: 3月第1周 | C15: =集贸价格明细!H288 -> 27.44 | D15: =集贸价格明细!H289 -> 11.89 | F15: =集贸价格明细!H290 -> 23.04 | G15: =集贸价格明细!K288 -> -0.8 | H15: =集贸价格明细!M288 -> -24.9 | I15: =集贸价格明细!K289 -> -4.5 | J15: =集贸价格明细!M289 -> -23.1 | M15: =集贸价格明细!K290 -> -2.1 | N15: =集贸价格明细!M290 -> -13.3
A16: 46084 | B16: 2月第4周 | C16: =集贸价格明细!H310 -> 27.67 | D16: =集贸价格明细!H311 -> 12.45 | F16: =集贸价格明细!H312 -> 23.53 | G16: =集贸价格明细!K310 -> 0.1 | H16: =集贸价格明细!M310 -> -24.2 | I16: =集贸价格明细!K311 -> -1.3 | J16: =集贸价格明细!M311 -> -20.3 | M16: =集贸价格明细!K312 -> -0.8 | N16: =集贸价格明细!M312 -> -12.4
A17: 46083 | B17: 2月第3周 | C17: =集贸价格明细!H332 -> 27.64 | D17: =集贸价格明细!H333 -> 12.62 | F17: =集贸价格明细!H334 -> 23.72 | G17: =集贸价格明细!K332 -> 0.3 | H17: =集贸价格明细!M332 -> -24.3 | I17: =集贸价格明细!K333 -> -2.5 | J17: =集贸价格明细!M333 -> -20.1 | M17: =集贸价格明细!K334 -> -0.3 | N17: =集贸价格明细!M334 -> -12.6
A18: 46079 | B18: 2月第2周 | C18: =集贸价格明细!H354 -> 27.56 | D18: =集贸价格明细!H355 -> 12.94 | F18: =集贸价格明细!H356 -> 23.8 | G18: =集贸价格明细!K354 -> 0.6 | H18: =集贸价格明细!M354 -> -24 | I18: =集贸价格明细!K355 -> -2.5 | J18: =集贸价格明细!M355 -> -18.8 | M18: =集贸价格明细!K356 -> -0.3 | N18: =集贸价格明细!M356 -> -13.7
A19: 46063 | B19: 2月第1周 | C19: =集贸价格明细!H376 -> 27.39 | D19: =集贸价格明细!H377 -> 13.27 | F19: =集贸价格明细!H378 -> 23.87 | G19: =集贸价格明细!K376 -> 1.9 | H19: =集贸价格明细!M376 -> -23 | I19: =集贸价格明细!K377 -> -1.2 | J19: =集贸价格明细!M377 -> -20.3 | M19: =集贸价格明细!K378 -> 0.3 | N19: =集贸价格明细!M378 -> -15.5
A20: 46057 | B20: 1月第5周 | C20: =集贸价格明细!H398 -> 26.87 | D20: =集贸价格明细!H399 -> 13.43 | F20: =集贸价格明细!H400 -> 23.8 | G20: =集贸价格明细!K398 -> 3.5 | H20: =集贸价格明细!M398 -> -23.2 | I20: =集贸价格明细!K399 -> 0.3 | J20: =集贸价格明细!M399 -> -19.5 | M20: =集贸价格明细!K400 -> 1 | N20: =集贸价格明细!M400 -> -15.9
A21: 46049 | B21: 1月第4周 | C21: =集贸价格明细!H420 -> 25.96 | D21: =集贸价格明细!H421 -> 13.39 | F21: =集贸价格明细!H422 -> 23.57 | G21: =集贸价格明细!K420 -> 4.5 | H21: =集贸价格明细!M420 -> -25.2 | I21: =集贸价格明细!K421 -> 2.5 | J21: =集贸价格明细!M421 -> -18.8 | M21: =集贸价格明细!K422 -> 1.6 | N21: =集贸价格明细!M422 -> -15.3
A22: 46045 | B22: 1月第3周 | C22: =集贸价格明细!H442 -> 24.85 | D22: =集贸价格明细!H443 -> 13.06 | F22: =集贸价格明细!H444 -> 23.21 | G22: =集贸价格明细!K442 -> 4.3 | H22: =集贸价格明细!M442 -> -27.1 | I22: =集贸价格明细!K443 -> 1.7 | J22: =集贸价格明细!M443 -> -21.4 | M22: =集贸价格明细!K444 -> 0.9 | N22: =集贸价格明细!M444 -> -16.4
A23: 46035 | B23: 1月第2周 | C23: =集贸价格明细!H464 -> 23.83 | D23: =集贸价格明细!H465 -> 12.84 | F23: =集贸价格明细!H466 -> 23 | G23: =集贸价格明细!K464 -> 1.6 | H23: =集贸价格明细!M464 -> -28.5 | I23: =集贸价格明细!K465 -> 1.8 | J23: =集贸价格明细!M465 -> -23 | M23: =集贸价格明细!K466 -> 0.9 | N23: =集贸价格明细!M466 -> -17.3
A24: 46027 | B24: 1月第1周 | C24: =集贸价格明细!H486 -> 23.45 | D24: =集贸价格明细!H487 -> 12.61 | F24: =集贸价格明细!H488 -> 22.8 | G24: =集贸价格明细!K486 -> 1.3 | H24: =集贸价格明细!M486 -> -28.4 | I24: =集贸价格明细!K487 -> 3.4 | J24: =集贸价格明细!M487 -> -23.9 | M24: =集贸价格明细!K488 -> 1.4 | N24: =集贸价格明细!M488 -> -17.8
A25: 46021 | B25: 12月第4周 | C25: =集贸价格明细!H508 -> 23.14 | D25: =集贸价格明细!H509 -> 12.19 | F25: =集贸价格明细!H510 -> 22.48 | G25: =集贸价格明细!K508 -> -0.6 | H25: =集贸价格明细!M508 -> -29.3 | I25: =集贸价格明细!K509 -> 0.2 | J25: =集贸价格明细!M509 -> -25.9 | M25: =集贸价格明细!K510 -> -0.2 | N25: =集贸价格明细!M510 -> -18.9
A26: 46014 | B26: 12月第3周 | C26: =集贸价格明细!H530 -> 23.28 | D26: =集贸价格明细!H531 -> 12.16 | F26: =集贸价格明细!H532 -> 22.53 | G26: =集贸价格明细!K530 -> -0.6 | H26: =集贸价格明细!M530 -> -29.3 | I26: =集贸价格明细!K531 -> 0 | J26: =集贸价格明细!M531 -> -26.6 | M26: =集贸价格明细!K532 -> -0.3 | N26: =集贸价格明细!M532 -> -19.1
A27: 46008 | B27: 12月第2周 | C27: =集贸价格明细!H552 -> 23.43 | D27: =集贸价格明细!H553 -> 12.13 | F27: =集贸价格明细!H554 -> 22.59 | G27: =集贸价格明细!K552 -> -1.2 | H27: =集贸价格明细!M552 -> -29.7 | I27: =集贸价格明细!K553 -> -0.7 | J27: =集贸价格明细!M553 -> -27.1 | M27: =集贸价格明细!K554 -> -0.7 | N27: =集贸价格明细!M554 -> -19.3
A28: 46000 | B28: 12月第1周 | C28: =集贸价格明细!H574 -> 23.71 | D28: =集贸价格明细!H575 -> 12.21 | F28: =集贸价格明细!H576 -> 22.74 | G28: =集贸价格明细!K574 -> -0.7 | H28: =集贸价格明细!M574 -> -29.6 | I28: =集贸价格明细!K575 -> -1 | J28: =集贸价格明细!M575 -> -27.8 | M28: =集贸价格明细!K576 -> -0.5 | N28: =集贸价格明细!M576 -> -19.3
A29: 45992 | B29: 11月第4周 | C29: =集贸价格明细!H596 -> 23.88 | D29: =集贸价格明细!H597 -> 12.33 | F29: =集贸价格明细!H598 -> 22.86 | G29: =集贸价格明细!K596 -> -1.1 | H29: =集贸价格明细!M596 -> -29.8 | I29: =集贸价格明细!K597 -> -1.4 | J29: =集贸价格明细!M597 -> -27.9 | M29: =集贸价格明细!K598 -> -0.7 | N29: =集贸价格明细!M598 -> -19.3
A30: 45985 | B30: 11月第3周 | C30: =集贸价格明细!H618 -> 24.14 | D30: =集贸价格明细!H619 -> 12.5 | F30: =集贸价格明细!H620 -> 23.02 | G30: =集贸价格明细!K618 -> -1 | H30: =集贸价格明细!M618 -> -29.2 | I30: =集贸价格明细!K619 -> -1.1 | J30: =集贸价格明细!M619 -> -26.6 | M30: =集贸价格明细!K620 -> -0.5 | N30: =集贸价格明细!M620 -> -19.1
A31: 45979 | B31: 11月第2周 | C31: =集贸价格明细!H640 -> 24.39 | D31: =集贸价格明细!H641 -> 12.64 | F31: =集贸价格明细!H642 -> 23.13 | G31: =集贸价格明细!K640 -> -0.8 | H31: =集贸价格明细!M640 -> -29.6 | I31: =集贸价格明细!K641 -> -0.6 | J31: =集贸价格明细!M641 -> -27.4 | M31: =集贸价格明细!K642 -> -0.2 | N31: =集贸价格明细!M642 -> -19.7
A32: 45972 | B32: 11月第1周 | C32: =集贸价格明细!H662 -> 24.59 | D32: =集贸价格明细!H663 -> 12.71 | F32: =集贸价格明细!H664 -> 23.17 | G32: =集贸价格明细!K662 -> -0.8 | H32: =集贸价格明细!M662 -> -29.6 | I32: =集贸价格明细!K663 -> -0.4 | J32: =集贸价格明细!M663 -> -28.6 | M32: =集贸价格明细!K664 -> -0.3 | N32: =集贸价格明细!M664 -> -20.6
A33: 45965 | B33: 10月第4周 | C33: =集贸价格明细!H684 -> 24.78 | D33: =集贸价格明细!H685 -> 12.76 | F33: =集贸价格明细!H686 -> 23.25 | G33: =集贸价格明细!K684 -> -1.4 | H33: =集贸价格明细!M684 -> -29.7 | I33: =集贸价格明细!K685 -> 3.6 | J33: =集贸价格明细!M685 -> -29 | M33: =集贸价格明细!K686 -> 0.6 | N33: =集贸价格明细!M686 -> -20.9
A34: 45959 | B34: 10月第3周 | C34: =集贸价格明细!H706 -> 25.13 | D34: =集贸价格明细!H707 -> 12.32 | F34: =集贸价格明细!H708 -> 23.11 | G34: =集贸价格明细!K706 -> -3.5 | H34: =集贸价格明细!M706 -> -29.5 | I34: =集贸价格明细!K707 -> 0.2 | J34: =集贸价格明细!M707 -> -32.2 | M34: =集贸价格明细!K708 -> -1.1 | N34: =集贸价格明细!M708 -> -22
A35: 45950 | B35: 10月第2周 | C35: =集贸价格明细!H728 -> 26.04 | D35: =集贸价格明细!H729 -> 12.3 | F35: =集贸价格明细!H730 -> 23.37 | G35: =集贸价格明细!K728 -> -4.4 | H35: =集贸价格明细!M728 -> -28.2 | I35: =集贸价格明细!K729 -> -4.7 | J35: =集贸价格明细!M729 -> -33.2 | M35: =集贸价格明细!K730 -> -2.2 | N35: =集贸价格明细!M730 -> -21.9
A36: 45943 | B36: 10月第1周 | C36: =集贸价格明细!H750 -> 27.23 | D36: =集贸价格明细!H751 -> 12.9 | F36: =集贸价格明细!H752 -> 23.89 | G36: =集贸价格明细!K750 -> -3.6 | H36: =集贸价格明细!M750 -> -26.6 | I36: =集贸价格明细!K751 -> -2.8 | J36: =集贸价格明细!M751 -> -29.5 | M36: =集贸价格明细!K752 -> -1.2 | N36: =集贸价格明细!M752 -> -20.6
A37: 45941 | B37: 9月第5周 | C37: =集贸价格明细!H772 -> 28.25 | D37: =集贸价格明细!H773 -> 13.27 | F37: =集贸价格明细!H774 -> 24.17 | G37: =集贸价格明细!K772 -> -2.8 | H37: =集贸价格明细!M772 -> -24.9 | I37: =集贸价格明细!K773 -> -1.8 | J37: =集贸价格明细!M773 -> -27.8 | M37: =集贸价格明细!K774 -> -0.5 | N37: =集贸价格明细!M774 -> -20.1
A38: 45929 | B38: 9月第4周 | C38: =集贸价格明细!H794 -> 29.07 | D38: =集贸价格明细!H795 -> 13.52 | F38: =集贸价格明细!H796 -> 24.29 | G38: =集贸价格明细!K794 -> -3.2 | H38: =集贸价格明细!M794 -> -26.2 | I38: =集贸价格明细!K795 -> -2.4 | J38: =集贸价格明细!M795 -> -28.6 | M38: =集贸价格明细!K796 -> -0.9 | N38: =集贸价格明细!M796 -> -21.2
A39: 45922 | B39: 9月第3周 | C39: =集贸价格明细!H816 -> 30.03 | D39: =集贸价格明细!H817 -> 13.85 | F39: =集贸价格明细!H818 -> 24.51 | G39: =集贸价格明细!K816 -> -3 | H39: =集贸价格明细!M816 -> -26.8 | I39: =集贸价格明细!K817 -> -1.8 | J39: =集贸价格明细!M817 -> -29.3 | M39: =集贸价格明细!K818 -> -0.8 | N39: =集贸价格明细!M818 -> -21.9
A40: 45915 | B40: 9月第2周 | C40: =集贸价格明细!H838 -> 30.96 | D40: =集贸价格明细!H839 -> 14.1 | F40: =集贸价格明细!H840 -> 24.7 | G40: =集贸价格明细!K838 -> -3.3 | H40: =集贸价格明细!M838 -> -26.5 | I40: =集贸价格明细!K839 -> -1.3 | J40: =集贸价格明细!M839 -> -29.7 | M40: =集贸价格明细!K840 -> -0.5 | N40: =集贸价格明细!M840 -> -22.1
A41: 45909 | B41: 9月第1周 | C41: =集贸价格明细!H860 -> 32 | D41: =集贸价格明细!H861 -> 14.29 | F41: =集贸价格明细!H862 -> 24.83 | G41: =集贸价格明细!K860 -> -2.1 | H41: =集贸价格明细!M860 -> -26 | I41: =集贸价格明细!K861 -> 0.5 | J41: =集贸价格明细!M861 -> -29.4 | M41: =集贸价格明细!K862 -> 0.1 | N41: =集贸价格明细!M862 -> -21.8
A42: 45902 | B42: 8月第4周 | C42: =集贸价格明细!H882 -> 32.68 | D42: =集贸价格明细!H883 -> 14.22 | F42: =集贸价格明细!H884 -> 24.81 | G42: =集贸价格明细!K882 -> -1.7 | H42: =集贸价格明细!M882 -> -25.7 | I42: =集贸价格明细!K883 -> -0.6 | J42: =集贸价格明细!M883 -> -30.1 | M42: =集贸价格明细!K884 -> -0.5 | N42: =集贸价格明细!M884 -> -22
A43: 45894 | B43: 8月第3周 | C43: =集贸价格明细!H904 -> 33.25 | D43: =集贸价格明细!H905 -> 14.3 | F43: =集贸价格明细!H906 -> 24.93 | G43: =集贸价格明细!K904 -> -2 | H43: =集贸价格明细!M904 -> -25.4 | I43: =集贸价格明细!K905 -> -0.3 | J43: =集贸价格明细!M905 -> -31.4 | M43: =集贸价格明细!K906 -> -0.4 | N43: =集贸价格明细!M906 -> -22
A44: 45894 | B44: 8月第2周 | C44: =集贸价格明细!H926 -> 33.94 | D44: =集贸价格明细!H927 -> 14.35 | F44: =集贸价格明细!H928 -> 25.02 | G44: =集贸价格明细!K926 -> -2.1 | H44: =集贸价格明细!M926 -> -24 | I44: =集贸价格明细!K927 -> -1.2 | J44: =集贸价格明细!M927 -> -31.4 | M44: =集贸价格明细!K928 -> -0.6 | N44: =集贸价格明细!M928 -> -20.8
A45: 45882 | B45: 8月第1周 | C45: =集贸价格明细!H948 -> 34.66 | D45: =集贸价格明细!H949 -> 14.53 | F45: =集贸价格明细!H950 -> 25.16 | G45: =集贸价格明细!K948 -> -1.2 | H45: =集贸价格明细!M948 -> -21.6 | I45: =集贸价格明细!K949 -> -0.9 | J45: =集贸价格明细!M949 -> -28.1 | M45: =集贸价格明细!K950 -> -0.2 | N45: =集贸价格明细!M950 -> -18.1
A46: 45873 | B46: 7月第5周 | C46: =集贸价格明细!H970 -> 35.07 | D46: =集贸价格明细!H971 -> 14.66 | F46: =集贸价格明细!H972 -> 25.21 | G46: =集贸价格明细!K970 -> -1.5 | H46: =集贸价格明细!M970 -> -20 | I46: =集贸价格明细!K971 -> -1.3 | J46: =集贸价格明细!M971 -> -24.5 | M46: =集贸价格明细!K972 -> -0.6 | N46: =集贸价格明细!M972 -> -15.8
A47: 45867 | B47: 7月第4周 | C47: =集贸价格明细!H992 -> 35.62 | D47: =集贸价格明细!H993 -> 14.86 | F47: =集贸价格明细!H994 -> 25.37 | G47: =集贸价格明细!K992 -> -0.4 | H47: =集贸价格明细!M992 -> -18.8 | I47: =集贸价格明细!K993 -> -0.9 | J47: =集贸价格明细!M993 -> -22.4 | M47: =集贸价格明细!K994 -> -0.3 | N47: =集贸价格明细!M994 -> -14.4
A48: 45860 | B48: 7月第3周 | C48: =集贸价格明细!H1014 -> 35.78 | D48: =集贸价格明细!H1015 -> 14.99 | F48: =集贸价格明细!H1016 -> 25.44 | G48: =集贸价格明细!K1014 -> -0.7 | H48: =集贸价格明细!M1014 -> -18.4 | I48: =集贸价格明细!K1015 -> -0.7 | J48: =集贸价格明细!M1015 -> -20.7 | M48: =集贸价格明细!K1016 -> -0.1 | N48: =集贸价格明细!M1016 -> -13.1
A49: 45853 | B49: 7月第2周 | C49: =集贸价格明细!H1036 -> 36.05 | D49: =集贸价格明细!H1037 -> 15.09 | F49: =集贸价格明细!H1038 -> 25.46 | G49: =集贸价格明细!K1036 -> -0.2 | H49: =集贸价格明细!M1036 -> -17.9 | I49: =集贸价格明细!K1037 -> 0.9 | J49: =集贸价格明细!M1037 -> -18.5 | M49: =集贸价格明细!K1038 -> 0.4 | N49: =集贸价格明细!M1038 -> -11.9
A50: 45847 | B50: 7月第1周 | C50: =集贸价格明细!H1058 -> 36.13 | D50: =集贸价格明细!H1059 -> 14.96 | F50: =集贸价格明细!H1060 -> 25.35 | G50: =集贸价格明细!K1058 -> -0.6 | H50: =集贸价格明细!M1058 -> -18 | I50: =集贸价格明细!K1059 -> 2 | J50: =集贸价格明细!M1059 -> -17 | M50: =集贸价格明细!K1060 -> 0.6 | N50: =集贸价格明细!M1060 -> -11.2
A51: 45840 | B51: 6月第4周 | C51: =集贸价格明细!H1080 -> 36.33 | D51: =集贸价格明细!H1081 -> 14.67 | F51: =集贸价格明细!H1082 -> 25.2 | G51: =集贸价格明细!K1080 -> -1.6 | H51: =集贸价格明细!M1080 -> -17.9 | I51: =集贸价格明细!K1081 -> 0.4 | J51: =集贸价格明细!M1081 -> -18.5 | M51: =集贸价格明细!K1082 -> 0 | N51: =集贸价格明细!M1082 -> -11.8
A52: 45832 | B52: 6月第3周 | C52: =集贸价格明细!H1102 -> 36.91 | D52: =集贸价格明细!H1103 -> 14.61 | F52: =集贸价格明细!H1104 -> 25.2 | G52: =集贸价格明细!K1102 -> -1.8 | H52: =集贸价格明细!M1102 -> -16.7 | I52: =集贸价格明细!K1103 -> 0.2 | J52: =集贸价格明细!M1103 -> -20.8 | M52: =集贸价格明细!K1104 -> -0.2 | N52: =集贸价格明细!M1104 -> -12.3
A53: 45825 | B53: 6月第2周 | C53: =集贸价格明细!H1124 -> 37.58 | D53: =集贸价格明细!H1125 -> 14.58 | F53: =集贸价格明细!H1126 -> 25.26 | G53: =集贸价格明细!K1124 -> -1.6 | H53: =集贸价格明细!M1124 -> -13.7 | I53: =集贸价格明细!K1125 -> -1.4 | J53: =集贸价格明细!M1125 -> -20.8 | M53: =集贸价格明细!K1126 -> -0.9 | N53: =集贸价格明细!M1126 -> -11.1
A54: 45818 | B54: 6月第1周 | C54: =集贸价格明细!H1146 -> 38.19 | D54: =集贸价格明细!H1147 -> 14.78 | F54: =集贸价格明细!H1148 -> 25.49 | G54: =集贸价格明细!K1146 -> -1.1 | H54: =集贸价格明细!M1146 -> -9.4 | I54: =集贸价格明细!K1147 -> -0.4 | J54: =集贸价格明细!M1147 -> -16.7 | M54: =集贸价格明细!K1148 -> -0.4 | N54: =集贸价格明细!M1148 -> -7.3
A55: 45812 | B55: 5月第4周 | C55: =集贸价格明细!H1168 -> 38.63 | D55: =集贸价格明细!H1169 -> 14.84 | F55: =集贸价格明细!H1170 -> 25.6 | G55: =集贸价格明细!K1168 -> -1 | H55: =集贸价格明细!M1168 -> -4.5 | I55: =集贸价格明细!K1169 -> -0.6 | J55: =集贸价格明细!M1169 -> -11.1 | M55: =集贸价格明细!K1170 -> -0.3 | N55: =集贸价格明细!M1170 -> -2.5
A56: 45804 | B56: 5月第3周 | C56: =集贸价格明细!H1190 -> 39.01 | D56: =集贸价格明细!H1191 -> 14.93 | F56: =集贸价格明细!H1192 -> 25.68 | G56: =集贸价格明细!K1190 -> -0.9 | H56: =集贸价格明细!M1190 -> 0.5 | I56: =集贸价格明细!K1191 -> -1.1 | J56: =集贸价格明细!M1191 -> -4.6 | M56: =集贸价格明细!K1192 -> -0.6 | N56: =集贸价格明细!M1192 -> 1.8
A57: 45797 | B57: 5月第2周 | C57: =集贸价格明细!H1212 -> 39.35 | D57: =集贸价格明细!H1213 -> 15.09 | F57: =集贸价格明细!H1214 -> 25.84 | G57: =集贸价格明细!K1212 -> -0.6 | H57: =集贸价格明细!M1212 -> 3.1 | I57: =集贸价格明细!K1213 -> -0.5 | J57: =集贸价格明细!M1213 -> -1 | M57: =集贸价格明细!K1214 -> -0.6 | N57: =集贸价格明细!M1214 -> 3.8
A58: 45790 | B58: 5月第1周 | C58: =集贸价格明细!H1234 -> 39.57 | D58: =集贸价格明细!H1235 -> 15.17 | F58: =集贸价格明细!H1236 -> 25.99 | G58: =集贸价格明细!K1234 -> 0.1 | H58: =集贸价格明细!M1234 -> 3.8 | I58: =集贸价格明细!K1235 -> -0.3 | J58: =集贸价格明细!M1235 -> 0.1 | M58: =集贸价格明细!K1236 -> -0.1 | N58: =集贸价格明细!M1236 -> 4.5
A59: 45784 | B59: 4月第5周 | C59: =集贸价格明细!H1256 -> 39.52 | D59: =集贸价格明细!H1257 -> 15.22 | F59: =集贸价格明细!H1258 -> 26.02 | G59: =集贸价格明细!K1256 -> 0.1 | H59: =集贸价格明细!M1256 -> 4.1 | I59: =集贸价格明细!K1257 -> -0.5 | J59: =集贸价格明细!M1257 -> 0.3 | M59: =集贸价格明细!K1258 -> -0.3 | N59: =集贸价格明细!M1258 -> 4.3
A60: 45776 | B60: 4月第4周 | C60: =集贸价格明细!H1278 -> 39.48 | D60: =集贸价格明细!H1279 -> 15.29 | F60: =集贸价格明细!H1280 -> 26.1 | G60: =集贸价格明细!K1278 -> 0.7 | H60: =集贸价格明细!M1278 -> 4.7 | I60: =集贸价格明细!K1279 -> 0.5 | J60: =集贸价格明细!M1279 -> 0.1 | M60: =集贸价格明细!K1280 -> 0.1 | N60: =集贸价格明细!M1280 -> 4
A61: 45769 | B61: 4月第3周 | C61: =集贸价格明细!H1300 -> 39.2 | D61: =集贸价格明细!H1301 -> 15.22 | F61: =集贸价格明细!H1302 -> 26.08 | G61: =集贸价格明细!K1300 -> 0.6 | H61: =集贸价格明细!M1300 -> 5.5 | I61: =集贸价格明细!K1301 -> 0.7 | J61: =集贸价格明细!M1301 -> -0.8 | M61: =集贸价格明细!K1302 -> 0.2 | N61: =集贸价格明细!M1302 -> 3.7
A62: 45763 | B62: 4月第2周 | C62: =集贸价格明细!H1322 -> 38.96 | D62: =集贸价格明细!H1323 -> 15.12 | F62: =集贸价格明细!H1324 -> 26.03 | G62: =集贸价格明细!K1322 -> 0.8 | H62: =集贸价格明细!M1322 -> 6.8 | I62: =集贸价格明细!K1323 -> -0.3 | J62: =集贸价格明细!M1323 -> -1.8 | M62: =集贸价格明细!K1324 -> -0.3 | N62: =集贸价格明细!M1324 -> 3
A63: 45756 | B63: 4月第1周 | C63: =集贸价格明细!H1344 -> 38.65 | D63: =集贸价格明细!H1345 -> 15.16 | F63: =集贸价格明细!H1346 -> 26.12 | G63: =集贸价格明细!K1344 -> 1.5 | H63: =集贸价格明细!M1344 -> 8.7 | I63: =集贸价格明细!K1345 -> -0.3 | J63: =集贸价格明细!M1345 -> -1.4 | M63: =集贸价格明细!K1346 -> -0.2 | N63: =集贸价格明细!M1346 -> 3.6
A64: 45748 | B64: 3月第4周 | C64: =集贸价格明细!H1366 -> 38.09 | D64: =集贸价格明细!H1367 -> 15.21 | F64: =集贸价格明细!H1368 -> 26.17 | G64: =集贸价格明细!K1366 -> 1.8 | H64: =集贸价格明细!M1366 -> 11.3 | I64: =集贸价格明细!K1367 -> -0.9 | J64: =集贸价格明细!M1367 -> -0.7 | M64: =集贸价格明细!K1368 -> -0.7 | N64: =集贸价格明细!M1368 -> 3.9
A65: 45741 | B65: 3月第3周 | C65: =集贸价格明细!H1388 -> 37.43 | D65: =集贸价格明细!H1389 -> 15.35 | F65: =集贸价格明细!H1390 -> 26.35 | G65: =集贸价格明细!K1388 -> 1.4 | H65: =集贸价格明细!M1388 -> 14.6 | I65: =集贸价格明细!K1389 -> -0.3 | J65: =集贸价格明细!M1389 -> 2.1 | M65: =集贸价格明细!K1390 -> -0.3 | N65: =集贸价格明细!M1390 -> 5.5
A66: 45734 | B66: 3月第2周 | C66: =集贸价格明细!H1410 -> 36.9 | D66: =集贸价格明细!H1411 -> 15.39 | F66: =集贸价格明细!H1412 -> 26.44 | G66: =集贸价格明细!K1410 -> 1 | H66: =集贸价格明细!M1410 -> 18.6 | I66: =集贸价格明细!K1411 -> -0.5 | J66: =集贸价格明细!M1411 -> 4 | M66: =集贸价格明细!K1412 -> -0.5 | N66: =集贸价格明细!M1412 -> 6.6
A67: 45728 | B67: 3月第1周 | C67: =集贸价格明细!H1432 -> 36.55 | D67: =集贸价格明细!H1433 -> 15.47 | F67: =集贸价格明细!H1434 -> 26.58 | G67: =集贸价格明细!K1432 -> 0.1 | H67: =集贸价格明细!M1432 -> 20.1 | I67: =集贸价格明细!K1433 -> -1 | J67: =集贸价格明细!M1433 -> 5.6 | M67: =集贸价格明细!K1434 -> -1 | N67: =集贸价格明细!M1434 -> 7.1
A68: 45720 | B68: 2月第4周 | C68: =集贸价格明细!H1453 -> 36.5 | D68: =集贸价格明细!H1454 -> 15.62 | F68: =集贸价格明细!H1455 -> 26.85 | G68: =集贸价格明细!K1453 -> -0.1 | H68: =集贸价格明细!M1453 -> 23.3 | I68: =集贸价格明细!K1454 -> -1.1 | J68: =集贸价格明细!M1454 -> 6.5 | M68: =集贸价格明细!K1455 -> -1.1 | N68: =集贸价格明细!M1455 -> 7.3
A69: 45713 | B69: 2月第3周 | C69: =集贸价格明细!H1474 -> 36.52 | D69: =集贸价格明细!H1475 -> 15.79 | F69: =集贸价格明细!H1476 -> 27.15 | G69: =集贸价格明细!K1474 -> 0.7 | H69: =集贸价格明细!M1474 -> 25.1 | I69: =集贸价格明细!K1475 -> -0.9 | J69: =集贸价格明细!M1475 -> 5.1 | M69: =集贸价格明细!K1476 -> -1.6 | N69: =集贸价格明细!M1476 -> 6.7
A70: 45707 | B70: 2月第2周 | C70: =集贸价格明细!H1494 -> 36.25 | D70: =集贸价格明细!H1495 -> 15.94 | F70: =集贸价格明细!H1496 -> 27.58 | G70: =集贸价格明细!K1494 -> 2 | H70: =集贸价格明细!M1494 -> 26.9 | I70: =集贸价格明细!K1495 -> -4.2 | J70: =集贸价格明细!M1495 -> 3.8 | M70: =集贸价格明细!K1496 -> -2.3 | N70: =集贸价格明细!M1496 -> 6.7
A71: 45699 | B71: 2月第1周 | C71: =集贸价格明细!H1514 -> 35.55 | D71: =集贸价格明细!H1515 -> 16.64 | F71: =集贸价格明细!H1516 -> 28.24 | G71: =集贸价格明细!K1514 -> 1.6 | H71: =集贸价格明细!M1514 -> 30 | I71: =集贸价格明细!K1515 -> -0.3 | J71: =集贸价格明细!M1515 -> 6.6 | M71: =集贸价格明细!K1516 -> -0.2 | N71: =集贸价格明细!M1516 -> 8.3
A72: 45695 | B72: 1月第5周 | C72: =集贸价格明细!H1534 -> 34.98 | D72: =集贸价格明细!H1535 -> 16.69 | F72: =集贸价格明细!H1536 -> 28.3 | G72: =集贸价格明细!K1534 -> 0.8 | H72: =集贸价格明细!M1534 -> 32.4 | I72: =集贸价格明细!K1535 -> 1.3 | J72: =集贸价格明细!M1535 -> 7.3 | M72: =集贸价格明细!K1536 -> 1.7 | N72: =集贸价格明细!M1536 -> 11.8
A73: 45693 | B73: 1月第4周 | C73: =集贸价格明细!H1554 -> 34.71 | D73: =集贸价格明细!H1555 -> 16.48 | F73: =集贸价格明细!H1556 -> 27.84 | G73: =集贸价格明细!K1554 -> 1.9 | H73: =集贸价格明细!M1554 -> 42.8 | I73: =集贸价格明细!K1555 -> -0.8 | J73: =集贸价格明细!M1555 -> 12 | M73: =集贸价格明细!K1556 -> 0.3 | N73: =集贸价格明细!M1556 -> 14
A74: 45678 | B74: 1月第3周 | C74: =集贸价格明细!H1574 -> 34.07 | D74: =集贸价格明细!H1575 -> 16.62 | F74: =集贸价格明细!H1576 -> 27.77 | G74: =集贸价格明细!K1574 -> 2.3 | H74: =集贸价格明细!M1574 -> 48.5 | I74: =集贸价格明细!K1575 -> -0.4 | J74: =集贸价格明细!M1575 -> 15.8 | M74: =集贸价格明细!K1576 -> -0.1 | N74: =集贸价格明细!M1576 -> 14.7
A75: 45671 | B75: 1月第2周 | C75: =集贸价格明细!H1594 -> 33.31 | D75: =集贸价格明细!H1595 -> 16.68 | F75: =集贸价格明细!H1596 -> 27.8 | G75: =集贸价格明细!K1594 -> 1.6 | H75: =集贸价格明细!M1594 -> 46.4 | I75: =集贸价格明细!K1595 -> 0.7 | J75: =集贸价格明细!M1595 -> 15.9 | M75: =集贸价格明细!K1596 -> 0.2 | N75: =集贸价格明细!M1596 -> 14.3
A76: 45664 | B76: 1月第1周 | C76: =集贸价格明细!H1614 -> 32.77 | D76: =集贸价格明细!H1615 -> 16.57 | F76: =集贸价格明细!H1616 -> 27.75 | G76: =集贸价格明细!K1614 -> 0.2 | H76: =集贸价格明细!M1614 -> 43.4 | I76: =集贸价格明细!K1615 -> 0.8 | J76: =集贸价格明细!M1615 -> 13.3 | M76: =集贸价格明细!K1616 -> 0.1 | N76: =集贸价格明细!M1616 -> 13
A77: 45657 | B77: 12月第4周 | C77: =集贸价格明细!H1634 -> 32.72 | D77: =集贸价格明细!H1635 -> 16.44 | F77: =集贸价格明细!H1636 -> 27.72 | G77: =集贸价格明细!K1634 -> -0.7 | H77: =集贸价格明细!M1634 -> 42.1 | I77: =集贸价格明细!K1635 -> -0.7 | J77: =集贸价格明细!M1635 -> 10.9 | M77: =集贸价格明细!K1636 -> -0.5 | N77: =集贸价格明细!M1636 -> 12.2
A78: 45650 | B78: 12月第3周 | C78: =集贸价格明细!H1654 -> 32.95 | D78: =集贸价格明细!H1655 -> 16.56 | F78: =集贸价格明细!H1656 -> 27.86 | G78: =集贸价格明细!K1654 -> -1.1 | H78: =集贸价格明细!M1654 -> 42.1 | I78: =集贸价格明细!K1655 -> -0.5 | J78: =集贸价格明细!M1655 -> 11.1 | M78: =集贸价格明细!K1656 -> -0.4 | N78: =集贸价格明细!M1656 -> 12.7
A79: 45643 | B79: 12月第2周 | C79: =集贸价格明细!H1674 -> 33.33 | D79: =集贸价格明细!H1675 -> 16.65 | F79: =集贸价格明细!H1676 -> 27.98 | G79: =集贸价格明细!K1674 -> -1 | H79: =集贸价格明细!M1674 -> 43 | I79: =集贸价格明细!K1675 -> -1.6 | J79: =集贸价格明细!M1675 -> 12.9 | M79: =集贸价格明细!K1676 -> -0.7 | N79: =集贸价格明细!M1676 -> 13.8
A80: 45636 | B80: 12月第1周 | C80: =集贸价格明细!H1694 -> 33.67 | D80: =集贸价格明细!H1695 -> 16.92 | F80: =集贸价格明细!H1696 -> 28.19 | G80: =集贸价格明细!K1694 -> -1 | H80: =集贸价格明细!M1694 -> 43 | I80: =集贸价格明细!K1695 -> -1.1 | J80: =集贸价格明细!M1695 -> 13.9 | M80: =集贸价格明细!K1696 -> -0.5 | N80: =集贸价格明细!M1696 -> 14
A81: 45629 | B81: 11月第4周 | C81: =集贸价格明细!H1714 -> 34.01 | D81: =集贸价格明细!H1715 -> 17.1 | F81: =集贸价格明细!H1716 -> 28.34 | G81: =集贸价格明细!K1714 -> -0.3 | H81: =集贸价格明细!M1714 -> 43.4 | I81: =集贸价格明细!K1715 -> 0.5 | J81: =集贸价格明细!M1715 -> 14.1 | M81: =集贸价格明细!K1716 -> -0.4 | N81: =集贸价格明细!M1716 -> 14.2
A82: 45622 | B82: 11月第3周 | C82: =集贸价格明细!H1734 -> 34.11 | D82: =集贸价格明细!H1735 -> 17.02 | F82: =集贸价格明细!H1736 -> 28.44 | G82: =集贸价格明细!K1734 -> -1.5 | H82: =集贸价格明细!M1734 -> 41.9 | I82: =集贸价格明细!K1735 -> -2.2 | J82: =集贸价格明细!M1735 -> 11.9 | M82: =集贸价格明细!K1736 -> -1.3 | N82: =集贸价格明细!M1736 -> 14
A83: 45616 | B83: 11月第2周 | C83: =集贸价格明细!H1754 -> 34.64 | D83: =集贸价格明细!H1755 -> 17.4 | F83: =集贸价格明细!H1756 -> 28.81 | G83: =集贸价格明细!K1754 -> -0.8 | H83: =集贸价格明细!M1754 -> 43.2 | I83: =集贸价格明细!K1755 -> -2.2 | J83: =集贸价格明细!M1755 -> 15.8 | M83: =集贸价格明细!K1756 -> -1.3 | N83: =集贸价格明细!M1756 -> 15.7
A84: 45607 | B84: 11月第1周 | C84: =集贸价格明细!H1774 -> 34.93 | D84: =集贸价格明细!H1775 -> 17.8 | F84: =集贸价格明细!H1776 -> 29.18 | G84: =集贸价格明细!K1774 -> -0.9 | H84: =集贸价格明细!M1774 -> 42.7 | I84: =集贸价格明细!K1775 -> -0.9 | J84: =集贸价格明细!M1775 -> 17.3 | M84: =集贸价格明细!K1776 -> -0.7 | N84: =集贸价格明细!M1776 -> 16.5
A85: 45601 | B85: 10月第5周 | C85: =集贸价格明细!H1794 -> 35.25 | D85: =集贸价格明细!H1795 -> 17.97 | F85: =集贸价格明细!H1796 -> 29.4 | G85: =集贸价格明细!K1794 -> -1.1 | H85: =集贸价格明细!M1794 -> 42.1 | I85: =集贸价格明细!K1795 -> -1 | J85: =集贸价格明细!M1795 -> 18.8 | M85: =集贸价格明细!K1796 -> -0.8 | N85: =集贸价格明细!M1796 -> 16.9
A86: 45593 | B86: 10月第4周 | C86: =集贸价格明细!H1814 -> 35.63 | D86: =集贸价格明细!H1815 -> 18.16 | F86: =集贸价格明细!H1816 -> 29.63 | G86: =集贸价格明细!K1814 -> -1.8 | H86: =集贸价格明细!M1814 -> 39 | I86: =集贸价格明细!K1815 -> -1.3 | J86: =集贸价格明细!M1815 -> 16.6 | M86: =集贸价格明细!K1816 -> -1 | N86: =集贸价格明细!M1816 -> 15.7
A87: 45587 | B87: 10月第3周 | C87: =集贸价格明细!H1834 -> 36.28 | D87: =集贸价格明细!H1835 -> 18.4 | F87: =集贸价格明细!H1836 -> 29.92 | G87: =集贸价格明细!K1834 -> -2.2 | H87: =集贸价格明细!M1834 -> 34.1 | I87: =集贸价格明细!K1835 -> 0.5 | J87: =集贸价格明细!M1835 -> 16.3 | M87: =集贸价格明细!K1836 -> -0.5 | N87: =集贸价格明细!M1836 -> 15.5
A88: 45580 | B88: 10月第2周 | C88: =集贸价格明细!H1854 -> 37.09 | D88: =集贸价格明细!H1855 -> 18.31 | F88: =集贸价格明细!H1856 -> 30.07 | G88: =集贸价格明细!K1854 -> -1.4 | H88: =集贸价格明细!M1854 -> 31.6 | I88: =集贸价格明细!K1855 -> -0.4 | J88: =集贸价格明细!M1855 -> 15.1 | M88: =集贸价格明细!K1856 -> -0.6 | N88: =集贸价格明细!M1856 -> 15.3
A89: 45575 | B89: 10月第1周 | C89: =集贸价格明细!H1874 -> 37.62 | D89: =集贸价格明细!H1875 -> 18.39 | F89: =集贸价格明细!H1876 -> 30.24 | G89: =集贸价格明细!K1874 -> -4.5 | H89: =集贸价格明细!M1874 -> 28.7 | I89: =集贸价格明细!K1875 -> -2.9 | J89: =集贸价格明细!M1875 -> 13 | M89: =集贸价格明细!K1876 -> -1.9 | N89: =集贸价格明细!M1876 -> 14.2
A90: 45564 | B90: 9月第4周 | C90: =集贸价格明细!H1894 -> 39.4 | D90: =集贸价格明细!H1895 -> 18.93 | F90: =集贸价格明细!H1896 -> 30.83 | G90: =集贸价格明细!K1894 -> -3.9 | H90: =集贸价格明细!M1894 -> 30.9 | I90: =集贸价格明细!K1895 -> -3.4 | J90: =集贸价格明细!M1895 -> 14.7 | M90: =集贸价格明细!K1896 -> -1.8 | N90: =集贸价格明细!M1896 -> 15.8
A91: 45559 | B91: 9月第3周 | C91: =集贸价格明细!H1914 -> 41.02 | D91: =集贸价格明细!H1915 -> 19.6 | F91: =集贸价格明细!H1916 -> 31.38 | G91: =集贸价格明细!K1914 -> -2.6 | H91: =集贸价格明细!M1914 -> 32.3 | I91: =集贸价格明细!K1915 -> -2.2 | J91: =集贸价格明细!M1915 -> 17.5 | M91: =集贸价格明细!K1916 -> -1 | N91: =集贸价格明细!M1916 -> 17
A92: 45553 | B92: 9月第2周 | C92: =集贸价格明细!H1934 -> 42.12 | D92: =集贸价格明细!H1935 -> 20.05 | F92: =集贸价格明细!H1936 -> 31.69 | G92: =集贸价格明细!K1934 -> -2.6 | H92: =集贸价格明细!M1934 -> 32 | I92: =集贸价格明细!K1935 -> -0.9 | J92: =集贸价格明细!M1935 -> 18.9 | M92: =集贸价格明细!K1936 -> -0.3 | N92: =集贸价格明细!M1936 -> 17.6
A93: 45546 | B93: 9月第1周 | C93: =集贸价格明细!H1954 -> 43.24 | D93: =集贸价格明细!H1955 -> 20.23 | F93: =集贸价格明细!H1956 -> 31.77 | G93: =集贸价格明细!K1954 -> -1.6 | H93: =集贸价格明细!M1954 -> 32.8 | I93: =集贸价格明细!K1955 -> -0.5 | J93: =集贸价格明细!M1955 -> 18.8 | M93: =集贸价格明细!K1956 -> -0.2 | N93: =集贸价格明细!M1956 -> 17.1
A94: 45538 | B94: 8月第5周 | C94: =集贸价格明细!H1974 -> 43.96 | D94: =集贸价格明细!H1975 -> 20.34 | F94: =集贸价格明细!H1976 -> 31.82 | G94: =集贸价格明细!K1974 -> -1.4 | H94: =集贸价格明细!M1974 -> 33.3 | I94: =集贸价格明细!K1975 -> -2.4 | J94: =集贸价格明细!M1975 -> 18.2 | M94: =集贸价格明细!K1976 -> -0.5 | N94: =集贸价格明细!M1976 -> 16.7
A95: 45531 | B95: 8月第4周 | C95: =集贸价格明细!H1994 -> 44.6 | D95: =集贸价格明细!H1995 -> 20.85 | F95: =集贸价格明细!H1996 -> 31.97 | G95: =集贸价格明细!K1994 -> -0.2 | H95: =集贸价格明细!M1994 -> 34.6 | I95: =集贸价格明细!K1995 -> -0.3 | J95: =集贸价格明细!M1995 -> 21.2 | M95: =集贸价格明细!K1996 -> 1.2 | N95: =集贸价格明细!M1996 -> 17.8
A96: 45524 | B96: 8月第3周 | C96: =集贸价格明细!H2014 -> 44.68 | D96: =集贸价格明细!H2015 -> 20.92 | F96: =集贸价格明细!H2016 -> 31.59 | G96: =集贸价格明细!K2014 -> 1 | H96: =集贸价格明细!M2014 -> 35 | I96: =集贸价格明细!K2015 -> 3.5 | J96: =集贸价格明细!M2015 -> 21.6 | M96: =集贸价格明细!K2016 -> 2.9 | N96: =集贸价格明细!M2016 -> 17.2
A97: 45517 | B97: 8月第2周 | C97: =集贸价格明细!H2034 -> 44.23 | D97: =集贸价格明细!H2035 -> 20.21 | F97: =集贸价格明细!H2036 -> 30.71 | G97: =集贸价格明细!K2034 -> 0.8 | H97: =集贸价格明细!M2034 -> 34.5 | I97: =集贸价格明细!K2035 -> 4 | J97: =集贸价格明细!M2035 -> 17.9 | M97: =集贸价格明细!K2036 -> 2.6 | N97: =集贸价格明细!M2036 -> 15.6
A98: 45509 | B98: 8月第1周 | C98: =集贸价格明细!H2054 -> 43.86 | D98: =集贸价格明细!H2055 -> 19.43 | F98: =集贸价格明细!H2056 -> 29.94 | G98: =集贸价格明细!K2054 -> 0 | H98: =集贸价格明细!M2054 -> 36.4 | I98: =集贸价格明细!K2055 -> 1.4 | J98: =集贸价格明细!M2055 -> 18.9 | M98: =集贸价格明细!K2056 -> 1 | N98: =集贸价格明细!M2056 -> 18
A99: 45503 | B99: 7月第4周 | C99: =集贸价格明细!H2074 -> 43.86 | D99: =集贸价格明细!H2075 -> 19.16 | F99: =集贸价格明细!H2076 -> 29.63 | G99: =集贸价格明细!K2074 -> 0 | H99: =集贸价格明细!M2074 -> 40.2 | I99: =集贸价格明细!K2075 -> 1.4 | J99: =集贸价格明细!M2075 -> 29.8 | M99: =集贸价格明细!K2076 -> 1.2 | N99: =集贸价格明细!M2076 -> 25.3
A100: 45496 | B100: 7月第3周 | C100: =集贸价格明细!H2094 -> 43.86 | D100: =集贸价格明细!H2095 -> 18.9 | F100: =集贸价格明细!H2096 -> 29.27 | G100: =集贸价格明细!K2094 -> -0.1 | H100: =集贸价格明细!M2094 -> 39.5 | I100: =集贸价格明细!K2095 -> 2.1 | J100: =集贸价格明细!M2095 -> 33 | M100: =集贸价格明细!K2096 -> 1.3 | N100: =集贸价格明细!M2096 -> 25.9
...

Sheet 家禽产品价格
C1: 指标价格
A2: 时间 | B2: 周期 | C2: 鸡蛋价格（元/kg） | D2: 鸡蛋(主产省份)价格（元/kg） | E2: 鸡肉价格（元/kg） | F2: 商品代蛋雏鸡价格（元/只） | G2: 商品代肉雏鸡价格（元/只） | H2: 鸡蛋环比 | I2: 鸡蛋同比 | J2: 鸡蛋(主产省份)环比 | K2: 鸡蛋(主产省份)同比 | L2: 鸡肉环比 | M2: 鸡肉同比 | N2: 商品代蛋雏鸡环比 | O2: 商品代蛋雏鸡同比 | P2: 商品代肉雏鸡环比 | Q2: 商品代肉雏鸡同比
A3: 46183 | B3: 6月第1周 | C3: =集贸价格明细!H5 -> 10.87 | D3: =集贸价格明细!H6 -> 10.6 | E3: =集贸价格明细!H7 -> 22.21 | F3: =集贸价格明细!H8 -> 3.89 | G3: =集贸价格明细!H9 -> 3.49 | H3: =集贸价格明细!K5 -> 5.9 | I3: =集贸价格明细!M5 -> 21.3 | J3: =集贸价格明细!K6 -> 10 | K3: =集贸价格明细!M6 -> 41.7 | L3: =集贸价格明细!K7 -> 0 | M3: =集贸价格明细!M7 -> -2.4 | N3: =集贸价格明细!K8 -> 1.3 | O3: =集贸价格明细!M8 -> -3.7 | P3: =集贸价格明细!K9 -> 0.3 | Q3: =集贸价格明细!M9 -> 2.9
A4: 46176 | B4: 5月第4周 | C4: =集贸价格明细!H27 -> 10.26 | D4: =集贸价格明细!H28 -> 9.64 | E4: =集贸价格明细!H29 -> 22.2 | F4: =集贸价格明细!H30 -> 3.84 | G4: =集贸价格明细!H31 -> 3.48 | H4: =集贸价格明细!K27 -> 2.7 | I4: =集贸价格明细!M27 -> 13.1 | J4: =集贸价格明细!K28 -> 3.7 | K4: =集贸价格明细!M28 -> 25.7 | L4: =集贸价格明细!K29 -> 0 | M4: =集贸价格明细!M29 -> -2.6 | N4: =集贸价格明细!K30 -> 1.1 | O4: =集贸价格明细!M30 -> -6.1 | P4: =集贸价格明细!K31 -> 0.6 | Q4: =集贸价格明细!M31 -> 2.4
A5: 46168 | B5: 5月第3周 | C5: =集贸价格明细!H49 -> 9.99 | D5: =集贸价格明细!H50 -> 9.3 | E5: =集贸价格明细!H51 -> 22.2 | F5: =集贸价格明细!H52 -> 3.8 | G5: =集贸价格明细!H53 -> 3.46 | H5: =集贸价格明细!K49 -> 2.4 | I5: =集贸价格明细!M49 -> 8.9 | J5: =集贸价格明细!K50 -> 2.3 | K5: =集贸价格明细!M50 -> 18.9 | L5: =集贸价格明细!K51 -> 0.4 | M5: =集贸价格明细!M51 -> -2.7 | N5: =集贸价格明细!K52 -> 0.8 | O5: =集贸价格明细!M52 -> -7.8 | P5: =集贸价格明细!K53 -> 1.2 | Q5: =集贸价格明细!M53 -> 1.2
A6: 46162 | B6: 5月第2周 | C6: =集贸价格明细!H71 -> 9.76 | D6: =集贸价格明细!H72 -> 9.09 | E6: =集贸价格明细!H73 -> 22.12 | F6: =集贸价格明细!H74 -> 3.77 | G6: =集贸价格明细!H75 -> 3.42 | H6: =集贸价格明细!K71 -> 2.8 | I6: =集贸价格明细!M71 -> 5.6 | J6: =集贸价格明细!K72 -> 4.1 | K6: =集贸价格明细!M72 -> 15.8 | L6: =集贸价格明细!K73 -> 0.2 | M6: =集贸价格明细!M73 -> -3.1 | N6: =集贸价格明细!K74 -> 0.5 | O6: =集贸价格明细!M74 -> -8.7 | P6: =集贸价格明细!K75 -> 0 | Q6: =集贸价格明细!M75 -> -0.9
A7: 46156 | B7: 5月第1周 | C7: =集贸价格明细!H93 -> 9.49 | D7: =集贸价格明细!H94 -> 8.73 | E7: =集贸价格明细!H95 -> 22.08 | F7: =集贸价格明细!H96 -> 3.75 | G7: =集贸价格明细!H97 -> 3.42 | H7: =集贸价格明细!K93 -> 2 | I7: =集贸价格明细!M93 -> 2 | J7: =集贸价格明细!K94 -> 2.9 | K7: =集贸价格明细!M94 -> 10.6 | L7: =集贸价格明细!K95 -> 0 | M7: =集贸价格明细!M95 -> -3.5 | N7: =集贸价格明细!K96 -> 0.5 | O7: =集贸价格明细!M96 -> -9.9 | P7: =集贸价格明细!K97 -> 0.3 | Q7: =集贸价格明细!M97 -> -1.2
A8: 46151 | B8: 4月第5周 | C8: =集贸价格明细!H115 -> 9.3 | D8: =集贸价格明细!H116 -> 8.48 | E8: =集贸价格明细!H117 -> 22.07 | F8: =集贸价格明细!H118 -> 3.73 | G8: =集贸价格明细!H119 -> 3.41 | H8: =集贸价格明细!K115 -> 1 | I8: =集贸价格明细!M115 -> -1.3 | J8: =集贸价格明细!K116 -> 1.7 | K8: =集贸价格明细!M116 -> 5.3 | L8: =集贸价格明细!K117 -> 0.2 | M8: =集贸价格明细!M117 -> -3.7 | N8: =集贸价格明细!K118 -> 0.3 | O8: =集贸价格明细!M118 -> -10.6 | P8: =集贸价格明细!K119 -> 0 | Q8: =集贸价格明细!M119 -> -1.7
A9: 46151 | B9: 4月第4周 | C9: =集贸价格明细!H137 -> 9.21 | D9: =集贸价格明细!H138 -> 8.34 | E9: =集贸价格明细!H139 -> 22.03 | F9: =集贸价格明细!H140 -> 3.72 | G9: =集贸价格明细!H141 -> 3.41 | H9: =集贸价格明细!K137 -> 2.4 | I9: =集贸价格明细!M137 -> -3 | J9: =集贸价格明细!K138 -> 3.9 | K9: =集贸价格明细!M138 -> 2.1 | L9: =集贸价格明细!K139 -> 0.1 | M9: =集贸价格明细!M139 -> -3.8 | N9: =集贸价格明细!K140 -> 0.5 | O9: =集贸价格明细!M140 -> -10.8 | P9: =集贸价格明细!K141 -> 0 | Q9: =集贸价格明细!M141 -> -1.7
A10: 46134 | B10: 4月第3周 | C10: =集贸价格明细!H159 -> 8.99 | D10: =集贸价格明细!H160 -> 8.03 | E10: =集贸价格明细!H161 -> 22.01 | F10: =集贸价格明细!H162 -> 3.7 | G10: =集贸价格明细!H163 -> 3.41 | H10: =集贸价格明细!K159 -> 2.2 | I10: =集贸价格明细!M159 -> -4.2 | J10: =集贸价格明细!K160 -> 5.1 | K10: =集贸价格明细!M160 -> 0.5 | L10: =集贸价格明细!K161 -> -0.5 | M10: =集贸价格明细!M161 -> -4 | N10: =集贸价格明细!K162 -> 0 | O10: =集贸价格明细!M162 -> -12.1 | P10: =集贸价格明细!K163 -> 0 | Q10: =集贸价格明细!M163 -> -1.7
A11: 46127 | B11: 4月第2周 | C11: =集贸价格明细!H181 -> 8.8 | D11: =集贸价格明细!H182 -> 7.64 | E11: =集贸价格明细!H183 -> 22.11 | F11: =集贸价格明细!H184 -> 3.7 | G11: =集贸价格明细!H185 -> 3.41 | H11: =集贸价格明细!K181 -> 0.1 | I11: =集贸价格明细!M181 -> -5.3 | J11: =集贸价格明细!K182 -> 1.2 | K11: =集贸价格明细!M182 -> -2.2 | L11: =集贸价格明细!K183 -> -0.5 | M11: =集贸价格明细!M183 -> -3.6 | N11: =集贸价格明细!K184 -> 0 | O11: =集贸价格明细!M184 -> -11.1 | P11: =集贸价格明细!K185 -> -0.3 | Q11: =集贸价格明细!M185 -> -1.4
A12: 46120 | B12: 4月第1周 | C12: =集贸价格明细!H203 -> 8.79 | D12: =集贸价格明细!H204 -> 7.55 | E12: =集贸价格明细!H205 -> 22.21 | F12: =集贸价格明细!H206 -> 3.7 | G12: =集贸价格明细!H207 -> 3.42 | H12: =集贸价格明细!K203 -> 0.7 | I12: =集贸价格明细!M203 -> -5.9 | J12: =集贸价格明细!K204 -> 1.9 | K12: =集贸价格明细!M204 -> -3.6 | L12: =集贸价格明细!K205 -> -0.3 | M12: =集贸价格明细!M205 -> -3.2 | N12: =集贸价格明细!K206 -> 0.3 | O12: =集贸价格明细!M206 -> -10.8 | P12: =集贸价格明细!K207 -> 0.6 | Q12: =集贸价格明细!M207 -> -1.2
A13: 46111 | B13: 3月第4周 | C13: =集贸价格明细!H225 -> 8.73 | D13: =集贸价格明细!H226 -> 7.41 | E13: =集贸价格明细!H227 -> 22.28 | F13: =集贸价格明细!H228 -> 3.69 | G13: =集贸价格明细!H229 -> 3.4 | H13: =集贸价格明细!K225 -> 0.3 | I13: =集贸价格明细!M225 -> -7.5 | J13: =集贸价格明细!K226 -> 1.1 | K13: =集贸价格明细!M226 -> -6.7 | L13: =集贸价格明细!K227 -> -0.5 | M13: =集贸价格明细!M227 -> -3.1 | N13: =集贸价格明细!K228 -> 0 | O13: =集贸价格明细!M228 -> -11.3 | P13: =集贸价格明细!K229 -> 0 | Q13: =集贸价格明细!M229 -> -2
A14: 46106 | B14: 3月第3周 | C14: =集贸价格明细!H247 -> 8.7 | D14: =集贸价格明细!H248 -> 7.33 | E14: =集贸价格明细!H249 -> 22.4 | F14: =集贸价格明细!H250 -> 3.69 | G14: =集贸价格明细!H251 -> 3.4 | H14: =集贸价格明细!K247 -> -0.2 | I14: =集贸价格明细!M247 -> -8.9 | J14: =集贸价格明细!K248 -> 0 | K14: =集贸价格明细!M248 -> -8.6 | L14: =集贸价格明细!K249 -> -0.6 | M14: =集贸价格明细!M249 -> -2.8 | N14: =集贸价格明细!K250 -> 0 | O14: =集贸价格明细!M250 -> -11.3 | P14: =集贸价格明细!K251 -> 0.3 | Q14: =集贸价格明细!M251 -> -1.2
A15: 46099 | B15: 3月第2周 | C15: =集贸价格明细!H269 -> 8.72 | D15: =集贸价格明细!H270 -> 7.33 | E15: =集贸价格明细!H271 -> 22.54 | F15: =集贸价格明细!H272 -> 3.69 | G15: =集贸价格明细!H273 -> 3.39 | H15: =集贸价格明细!K269 -> -1 | I15: =集贸价格明细!M269 -> -9.9 | J15: =集贸价格明细!K270 -> -1.7 | K15: =集贸价格明细!M270 -> -10.6 | L15: =集贸价格明细!K271 -> -0.5 | M15: =集贸价格明细!M271 -> -2.5 | N15: =集贸价格明细!K272 -> 0.8 | O15: =集贸价格明细!M272 -> -11.1 | P15: =集贸价格明细!K273 -> 0.3 | Q15: =集贸价格明细!M273 -> -0.6
A16: 46091 | B16: 3月第1周 | C16: =集贸价格明细!H291 -> 8.81 | D16: =集贸价格明细!H292 -> 7.46 | E16: =集贸价格明细!H293 -> 22.66 | F16: =集贸价格明细!H294 -> 3.66 | G16: =集贸价格明细!H295 -> 3.38 | H16: =集贸价格明细!K291 -> -2 | I16: =集贸价格明细!M291 -> -9.9 | J16: =集贸价格明细!K292 -> -2.7 | K16: =集贸价格明细!M292 -> -10.1 | L16: =集贸价格明细!K293 -> -0.7 | M16: =集贸价格明细!M293 -> -2.1 | N16: =集贸价格明细!K294 -> 0.3 | O16: =集贸价格明细!M294 -> -11.4 | P16: =集贸价格明细!K295 -> 0.3 | Q16: =集贸价格明细!M295 -> -0.3
A17: 46084 | B17: 2月第4周 | C17: =集贸价格明细!H313 -> 8.99 | D17: =集贸价格明细!H314 -> 7.67 | E17: =集贸价格明细!H315 -> 22.83 | F17: =集贸价格明细!H316 -> 3.65 | G17: =集贸价格明细!H317 -> 3.37 | H17: =集贸价格明细!K313 -> -0.9 | I17: =集贸价格明细!M313 -> -8.3 | J17: =集贸价格明细!K314 -> -1.8 | K17: =集贸价格明细!M314 -> -6.7 | L17: =集贸价格明细!K315 -> -0.3 | M17: =集贸价格明细!M315 -> -1.6 | N17: =集贸价格明细!K316 -> 0.6 | O17: =集贸价格明细!M316 -> -11.6 | P17: =集贸价格明细!K317 -> 0.6 | Q17: =集贸价格明细!M317 -> -0.9
A18: 46083 | B18: 2月第3周 | C18: =集贸价格明细!H335 -> 9.07 | D18: =集贸价格明细!H336 -> 7.81 | E18: =集贸价格明细!H337 -> 22.91 | F18: =集贸价格明细!H338 -> 3.63 | G18: =集贸价格明细!H339 -> 3.35 | H18: =集贸价格明细!K335 -> -2.5 | I18: =集贸价格明细!M335 -> -8.9 | J18: =集贸价格明细!K336 -> -5.8 | K18: =集贸价格明细!M336 -> -6.6 | L18: =集贸价格明细!K337 -> 0.1 | M18: =集贸价格明细!M337 -> -1.8 | N18: =集贸价格明细!K338 -> 0.3 | O18: =集贸价格明细!M338 -> -11.9 | P18: =集贸价格明细!K339 -> 1.2 | Q18: =集贸价格明细!M339 -> -0.9
A19: 46079 | B19: 2月第2周 | C19: =集贸价格明细!H357 -> 9.3 | D19: =集贸价格明细!H358 -> 8.29 | E19: =集贸价格明细!H359 -> 22.89 | F19: =集贸价格明细!H360 -> 3.62 | G19: =集贸价格明细!H361 -> 3.31 | H19: =集贸价格明细!K357 -> -0.6 | I19: =集贸价格明细!M357 -> -9.5 | J19: =集贸价格明细!K358 -> -1.7 | K19: =集贸价格明细!M358 -> -5.3 | L19: =集贸价格明细!K359 -> 1 | M19: =集贸价格明细!M359 -> -2.8 | N19: =集贸价格明细!K360 -> 0.6 | O19: =集贸价格明细!M360 -> -11.9 | P19: =集贸价格明细!K361 -> 0.6 | Q19: =集贸价格明细!M361 -> -2.4
A20: 46063 | B20: 2月第1周 | C20: =集贸价格明细!H379 -> 9.36 | D20: =集贸价格明细!H380 -> 8.43 | E20: =集贸价格明细!H381 -> 22.67 | F20: =集贸价格明细!H382 -> 3.6 | G20: =集贸价格明细!H383 -> 3.29 | H20: =集贸价格明细!K379 -> 0.8 | I20: =集贸价格明细!M379 -> -12.8 | J20: =集贸价格明细!K380 -> 1.1 | K20: =集贸价格明细!M380 -> -10.4 | L20: =集贸价格明细!K381 -> 0.4 | M20: =集贸价格明细!M381 -> -4.8 | N20: =集贸价格明细!K382 -> 0.6 | O20: =集贸价格明细!M382 -> -12.2 | P20: =集贸价格明细!K383 -> -0.3 | Q20: =集贸价格明细!M383 -> -4.4
A21: 46057 | B21: 1月第5周 | C21: =集贸价格明细!H401 -> 9.29 | D21: =集贸价格明细!H402 -> 8.34 | E21: =集贸价格明细!H403 -> 22.59 | F21: =集贸价格明细!H404 -> 3.58 | G21: =集贸价格明细!H405 -> 3.3 | H21: =集贸价格明细!K401 -> 2.9 | I21: =集贸价格明细!M401 -> -15.5 | J21: =集贸价格明细!K402 -> 4.9 | K21: =集贸价格明细!M402 -> -15.7 | L21: =集贸价格明细!K403 -> 0.5 | M21: =集贸价格明细!M403 -> -5.6 | N21: =集贸价格明细!K404 -> 0.8 | O21: =集贸价格明细!M404 -> -12.7 | P21: =集贸价格明细!K405 -> 0.3 | Q21: =集贸价格明细!M405 -> -4.1
A22: 46049 | B22: 1月第4周 | C22: =集贸价格明细!H423 -> 9.03 | D22: =集贸价格明细!H424 -> 7.95 | E22: =集贸价格明细!H425 -> 22.47 | F22: =集贸价格明细!H426 -> 3.55 | G22: =集贸价格明细!H427 -> 3.29 | H22: =集贸价格明细!K423 -> 2.7 | I22: =集贸价格明细!M423 -> -17.9 | J22: =集贸价格明细!K424 -> 5 | K22: =集贸价格明细!M424 -> -19.9 | L22: =集贸价格明细!K425 -> 0.4 | M22: =集贸价格明细!M425 -> -5.1 | N22: =集贸价格明细!K426 -> 0.9 | O22: =集贸价格明细!M426 -> -13.4 | P22: =集贸价格明细!K427 -> -1.5 | Q22: =集贸价格明细!M427 -> -4.1
A23: 46045 | B23: 1月第3周 | C23: =集贸价格明细!H445 -> 8.79 | D23: =集贸价格明细!H446 -> 7.57 | E23: =集贸价格明细!H447 -> 22.37 | F23: =集贸价格明细!H448 -> 3.52 | G23: =集贸价格明细!H449 -> 3.34 | H23: =集贸价格明细!K445 -> 1.7 | I23: =集贸价格明细!M445 -> -20.3 | J23: =集贸价格明细!K446 -> 3.7 | K23: =集贸价格明细!M446 -> -24.6 | L23: =集贸价格明细!K447 -> 0.3 | M23: =集贸价格明细!M447 -> -5.1 | N23: =集贸价格明细!K448 -> 0.9 | O23: =集贸价格明细!M448 -> -13.9 | P23: =集贸价格明细!K449 -> 0 | Q23: =集贸价格明细!M449 -> -3.5
A24: 46035 | B24: 1月第2周 | C24: =集贸价格明细!H467 -> 8.64 | D24: =集贸价格明细!H468 -> 7.3 | E24: =集贸价格明细!H469 -> 22.31 | F24: =集贸价格明细!H470 -> 3.49 | G24: =集贸价格明细!H471 -> 3.34 | H24: =集贸价格明细!K467 -> 0.6 | I24: =集贸价格明细!M467 -> -21.5 | J24: =集贸价格明细!K468 -> 1.4 | K24: =集贸价格明细!M468 -> -26.8 | L24: =集贸价格明细!K469 -> 0 | M24: =集贸价格明细!M469 -> -5.2 | N24: =集贸价格明细!K470 -> 0.6 | O24: =集贸价格明细!M470 -> -14.5 | P24: =集贸价格明细!K471 -> -1.2 | Q24: =集贸价格明细!M471 -> -3.7
A25: 46027 | B25: 1月第1周 | C25: =集贸价格明细!H489 -> 8.59 | D25: =集贸价格明细!H490 -> 7.2 | E25: =集贸价格明细!H491 -> 22.3 | F25: =集贸价格明细!H492 -> 3.47 | G25: =集贸价格明细!H493 -> 3.38 | H25: =集贸价格明细!K489 -> 0.2 | I25: =集贸价格明细!M489 -> -22.5 | J25: =集贸价格明细!K490 -> 0.6 | K25: =集贸价格明细!M490 -> -28.4 | L25: =集贸价格明细!K491 -> 0 | M25: =集贸价格明细!M491 -> -5 | N25: =集贸价格明细!K492 -> 0 | O25: =集贸价格明细!M492 -> -14.5 | P25: =集贸价格明细!K493 -> -0.9 | Q25: =集贸价格明细!M493 -> -3.2
A26: 46021 | B26: 12月第4周 | C26: =集贸价格明细!H511 -> 8.57 | D26: =集贸价格明细!H512 -> 7.16 | E26: =集贸价格明细!H513 -> 22.29 | F26: =集贸价格明细!H514 -> 3.47 | G26: =集贸价格明细!H515 -> 3.41 | H26: =集贸价格明细!K511 -> -0.5 | I26: =集贸价格明细!M511 -> -23 | J26: =集贸价格明细!K512 -> -0.8 | K26: =集贸价格明细!M512 -> -29.2 | L26: =集贸价格明细!K513 -> 0.1 | M26: =集贸价格明细!M513 -> -5.1 | N26: =集贸价格明细!K514 -> -0.3 | O26: =集贸价格明细!M514 -> -14.5 | P26: =集贸价格明细!K515 -> -0.3 | Q26: =集贸价格明细!M515 -> -5.3
A27: 46014 | B27: 12月第3周 | C27: =集贸价格明细!H533 -> 8.61 | D27: =集贸价格明细!H534 -> 7.22 | E27: =集贸价格明细!H535 -> 22.26 | F27: =集贸价格明细!H536 -> 3.48 | G27: =集贸价格明细!H537 -> 3.42 | H27: =集贸价格明细!K533 -> 0.1 | I27: =集贸价格明细!M533 -> -22.7 | J27: =集贸价格明细!K534 -> 0.4 | K27: =集贸价格明细!M534 -> -28.7 | L27: =集贸价格明细!K535 -> 0 | M27: =集贸价格明细!M535 -> -5.2 | N27: =集贸价格明细!K536 -> -0.3 | O27: =集贸价格明细!M536 -> -14.1 | P27: =集贸价格明细!K537 -> 0.3 | Q27: =集贸价格明细!M537 -> -4.7
A28: 46008 | B28: 12月第2周 | C28: =集贸价格明细!H555 -> 8.6 | D28: =集贸价格明细!H556 -> 7.19 | E28: =集贸价格明细!H557 -> 22.25 | F28: =集贸价格明细!H558 -> 3.49 | G28: =集贸价格明细!H559 -> 3.41 | H28: =集贸价格明细!K555 -> -0.1 | I28: =集贸价格明细!M555 -> -22.7 | J28: =集贸价格明细!K556 -> 0.1 | K28: =集贸价格明细!M556 -> -28.7 | L28: =集贸价格明细!K557 -> -0.2 | M28: =集贸价格明细!M557 -> -5.2 | N28: =集贸价格明细!K558 -> 0 | O28: =集贸价格明细!M558 -> -13.2 | P28: =集贸价格明细!K559 -> 0 | Q28: =集贸价格明细!M559 -> -6.8
A29: 46000 | B29: 12月第1周 | C29: =集贸价格明细!H577 -> 8.61 | D29: =集贸价格明细!H578 -> 7.18 | E29: =集贸价格明细!H579 -> 22.3 | F29: =集贸价格明细!H580 -> 3.49 | G29: =集贸价格明细!H581 -> 3.41 | H29: =集贸价格明细!K577 -> 0.2 | I29: =集贸价格明细!M577 -> -22.4 | J29: =集贸价格明细!K578 -> 1.3 | K29: =集贸价格明细!M578 -> -28.5 | L29: =集贸价格明细!K579 -> -0.1 | M29: =集贸价格明细!M579 -> -5.1 | N29: =集贸价格明细!K580 -> 0 | O29: =集贸价格明细!M580 -> -12.8 | P29: =集贸价格明细!K581 -> 0 | Q29: =集贸价格明细!M581 -> -8.3
A30: 45992 | B30: 11月第4周 | C30: =集贸价格明细!H599 -> 8.59 | D30: =集贸价格明细!H600 -> 7.09 | E30: =集贸价格明细!H601 -> 22.33 | F30: =集贸价格明细!H602 -> 3.49 | G30: =集贸价格明细!H603 -> 3.41 | H30: =集贸价格明细!K599 -> -0.2 | I30: =集贸价格明细!M599 -> -22 | J30: =集贸价格明细!K600 -> 0 | K30: =集贸价格明细!M600 -> -28.4 | L30: =集贸价格明细!K601 -> 0 | M30: =集贸价格明细!M601 -> -5.1 | N30: =集贸价格明细!K602 -> -0.3 | O30: =集贸价格明细!M602 -> -12.5 | P30: =集贸价格明细!K603 -> 0 | Q30: =集贸价格明细!M603 -> -9.1
A31: 45985 | B31: 11月第3周 | C31: =集贸价格明细!H621 -> 8.61 | D31: =集贸价格明细!H622 -> 7.09 | E31: =集贸价格明细!H623 -> 22.34 | F31: =集贸价格明细!H624 -> 3.5 | G31: =集贸价格明细!H625 -> 3.41 | H31: =集贸价格明细!K621 -> -0.6 | I31: =集贸价格明细!M621 -> -22.4 | J31: =集贸价格明细!K622 -> -1 | K31: =集贸价格明细!M622 -> -29.2 | L31: =集贸价格明细!K623 -> -0.1 | M31: =集贸价格明细!M623 -> -5.2 | N31: =集贸价格明细!K624 -> -0.8 | O31: =集贸价格明细!M624 -> -11.8 | P31: =集贸价格明细!K625 -> -0.6 | Q31: =集贸价格明细!M625 -> -8.8
A32: 45979 | B32: 11月第2周 | C32: =集贸价格明细!H643 -> 8.66 | D32: =集贸价格明细!H644 -> 7.16 | E32: =集贸价格明细!H645 -> 22.37 | F32: =集贸价格明细!H646 -> 3.53 | G32: =集贸价格明细!H647 -> 3.43 | H32: =集贸价格明细!K643 -> -0.1 | I32: =集贸价格明细!M643 -> -22.9 | J32: =集贸价格明细!K644 -> 0.3 | K32: =集贸价格明细!M644 -> -30.1 | L32: =集贸价格明细!K645 -> 0.2 | M32: =集贸价格明细!M645 -> -5.1 | N32: =集贸价格明细!K646 -> -0.6 | O32: =集贸价格明细!M646 -> -10.6 | P32: =集贸价格明细!K647 -> 0 | Q32: =集贸价格明细!M647 -> -7.8
A33: 45972 | B33: 11月第1周 | C33: =集贸价格明细!H665 -> 8.67 | D33: =集贸价格明细!H666 -> 7.14 | E33: =集贸价格明细!H667 -> 22.33 | F33: =集贸价格明细!H668 -> 3.55 | G33: =集贸价格明细!H669 -> 3.43 | H33: =集贸价格明细!K665 -> -0.7 | I33: =集贸价格明细!M665 -> -23.4 | J33: =集贸价格明细!K666 -> -1.7 | K33: =集贸价格明细!M666 -> -31.1 | L33: =集贸价格明细!K667 -> 0 | M33: =集贸价格明细!M667 -> -5.4 | N33: =集贸价格明细!K668 -> -0.6 | O33: =集贸价格明细!M668 -> -10.1 | P33: =集贸价格明细!K669 -> 0 | Q33: =集贸价格明细!M669 -> -8.3
A34: 45965 | B34: 10月第4周 | C34: =集贸价格明细!H687 -> 8.73 | D34: =集贸价格明细!H688 -> 7.26 | E34: =集贸价格明细!H689 -> 22.33 | F34: =集贸价格明细!H690 -> 3.57 | G34: =集贸价格明细!H691 -> 3.43 | H34: =集贸价格明细!K687 -> -0.1 | I34: =集贸价格明细!M687 -> -23.4 | J34: =集贸价格明细!K688 -> -0.1 | K34: =集贸价格明细!M688 -> -30.9 | L34: =集贸价格明细!K689 -> 0 | M34: =集贸价格明细!M689 -> -5.4 | N34: =集贸价格明细!K690 -> -0.8 | O34: =集贸价格明细!M690 -> -9.8 | P34: =集贸价格明细!K691 -> 0.9 | Q34: =集贸价格明细!M691 -> -8.3
A35: 45959 | B35: 10月第3周 | C35: =集贸价格明细!H709 -> 8.74 | D35: =集贸价格明细!H710 -> 7.27 | E35: =集贸价格明细!H711 -> 22.33 | F35: =集贸价格明细!H712 -> 3.6 | G35: =集贸价格明细!H713 -> 3.4 | H35: =集贸价格明细!K709 -> -1.4 | I35: =集贸价格明细!M709 -> -23.1 | J35: =集贸价格明细!K710 -> -2.3 | K35: =集贸价格明细!M710 -> -30.3 | L35: =集贸价格明细!K711 -> -0.6 | M35: =集贸价格明细!M711 -> -5.7 | N35: =集贸价格明细!K712 -> -1.1 | O35: =集贸价格明细!M712 -> -8.6 | P35: =集贸价格明细!K713 -> 0 | Q35: =集贸价格明细!M713 -> -9.1
A36: 45950 | B36: 10月第2周 | C36: =集贸价格明细!H731 -> 8.86 | D36: =集贸价格明细!H732 -> 7.44 | E36: =集贸价格明细!H733 -> 22.46 | F36: =集贸价格明细!H734 -> 3.64 | G36: =集贸价格明细!H735 -> 3.4 | H36: =集贸价格明细!K731 -> -3 | I36: =集贸价格明细!M731 -> -21 | J36: =集贸价格明细!K732 -> -5.6 | K36: =集贸价格明细!M732 -> -27 | L36: =集贸价格明细!K733 -> -0.6 | M36: =集贸价格明细!M733 -> -5.2 | N36: =集贸价格明细!K734 -> -1.6 | O36: =集贸价格明细!M734 -> -7.4 | P36: =集贸价格明细!K735 -> -1.2 | Q36: =集贸价格明细!M735 -> -8.8
A37: 45943 | B37: 10月第1周 | C37: =集贸价格明细!H753 -> 9.13 | D37: =集贸价格明细!H754 -> 7.88 | E37: =集贸价格明细!H755 -> 22.59 | F37: =集贸价格明细!H756 -> 3.7 | G37: =集贸价格明细!H757 -> 3.44 | H37: =集贸价格明细!K753 -> -2.2 | I37: =集贸价格明细!M753 -> -19 | J37: =集贸价格明细!K754 -> -4.5 | K37: =集贸价格明细!M754 -> -22.7 | L37: =集贸价格明细!K755 -> -0.1 | M37: =集贸价格明细!M755 -> -4.8 | N37: =集贸价格明细!K756 -> -0.8 | O37: =集贸价格明细!M756 -> -5.4 | P37: =集贸价格明细!K757 -> -0.3 | Q37: =集贸价格明细!M757 -> -7
A38: 45941 | B38: 9月第5周 | C38: =集贸价格明细!H775 -> 9.34 | D38: =集贸价格明细!H776 -> 8.25 | E38: =集贸价格明细!H777 -> 22.62 | F38: =集贸价格明细!H778 -> 3.73 | G38: =集贸价格明细!H779 -> 3.45 | H38: =集贸价格明细!K775 -> 0 | I38: =集贸价格明细!M775 -> -17.6 | J38: =集贸价格明细!K776 -> -0.1 | K38: =集贸价格明细!M776 -> -20 | L38: =集贸价格明细!K777 -> 0.2 | M38: =集贸价格明细!M777 -> -4.8 | N38: =集贸价格明细!K778 -> -0.3 | O38: =集贸价格明细!M778 -> -4.6 | P38: =集贸价格明细!K779 -> 0 | Q38: =集贸价格明细!M779 -> -6
A39: 45929 | B39: 9月第4周 | C39: =集贸价格明细!H797 -> 9.34 | D39: =集贸价格明细!H798 -> 8.26 | E39: =集贸价格明细!H799 -> 22.58 | F39: =集贸价格明细!H800 -> 3.74 | G39: =集贸价格明细!H801 -> 3.45 | H39: =集贸价格明细!K797 -> 1.2 | I39: =集贸价格明细!M797 -> -19.7 | J39: =集贸价格明细!K798 -> 1.8 | K39: =集贸价格明细!M798 -> -24.3 | L39: =集贸价格明细!K799 -> 0.3 | M39: =集贸价格明细!M799 -> -5.2 | N39: =集贸价格明细!K800 -> 0 | O39: =集贸价格明细!M800 -> -3.9 | P39: =集贸价格明细!K801 -> 0 | Q39: =集贸价格明细!M801 -> -4.7
A40: 45922 | B40: 9月第3周 | C40: =集贸价格明细!H819 -> 9.23 | D40: =集贸价格明细!H820 -> 8.11 | E40: =集贸价格明细!H821 -> 22.52 | F40: =集贸价格明细!H822 -> 3.74 | G40: =集贸价格明细!H823 -> 3.45 | H40: =集贸价格明细!K819 -> 2.6 | I40: =集贸价格明细!M819 -> -21.8 | J40: =集贸价格明细!K820 -> 4.6 | K40: =集贸价格明细!M820 -> -28.2 | L40: =集贸价格明细!K821 -> 0 | M40: =集贸价格明细!M821 -> -5.8 | N40: =集贸价格明细!K822 -> 0 | O40: =集贸价格明细!M822 -> -3.9 | P40: =集贸价格明细!K823 -> -0.6 | Q40: =集贸价格明细!M823 -> -4.4
A41: 45915 | B41: 9月第2周 | C41: =集贸价格明细!H841 -> 9 | D41: =集贸价格明细!H842 -> 7.75 | E41: =集贸价格明细!H843 -> 22.51 | F41: =集贸价格明细!H844 -> 3.74 | G41: =集贸价格明细!H845 -> 3.47 | H41: =集贸价格明细!K841 -> 1.6 | I41: =集贸价格明细!M841 -> -23.3 | J41: =集贸价格明细!K842 -> 2.5 | K41: =集贸价格明细!M842 -> -31.5 | L41: =集贸价格明细!K843 -> 0 | M41: =集贸价格明细!M843 -> -5.7 | N41: =集贸价格明细!K844 -> -0.5 | O41: =集贸价格明细!M844 -> -3.4 | P41: =集贸价格明细!K845 -> -0.3 | Q41: =集贸价格明细!M845 -> -3.9
A42: 45909 | B42: 9月第1周 | C42: =集贸价格明细!H863 -> 8.86 | D42: =集贸价格明细!H864 -> 7.56 | E42: =集贸价格明细!H865 -> 22.52 | F42: =集贸价格明细!H866 -> 3.76 | G42: =集贸价格明细!H867 -> 3.48 | H42: =集贸价格明细!K863 -> -0.1 | I42: =集贸价格明细!M863 -> -23.1 | J42: =集贸价格明细!K864 -> 0.3 | K42: =集贸价格明细!M864 -> -30.9 | L42: =集贸价格明细!K865 -> 0.3 | M42: =集贸价格明细!M865 -> -5.7 | N42: =集贸价格明细!K866 -> 0 | O42: =集贸价格明细!M866 -> -2.6 | P42: =集贸价格明细!K867 -> 0.3 | Q42: =集贸价格明细!M867 -> -2.2
A43: 45902 | B43: 8月第4周 | C43: =集贸价格明细!H885 -> 8.87 | D43: =集贸价格明细!H886 -> 7.54 | E43: =集贸价格明细!H887 -> 22.45 | F43: =集贸价格明细!H888 -> 3.76 | G43: =集贸价格明细!H889 -> 3.47 | H43: =集贸价格明细!K885 -> 0.2 | I43: =集贸价格明细!M885 -> -22.8 | J43: =集贸价格明细!K886 -> 0.7 | K43: =集贸价格明细!M886 -> -30.6 | L43: =集贸价格明细!K887 -> 0.2 | M43: =集贸价格明细!M887 -> -5.9 | N43: =集贸价格明细!K888 -> 0 | O43: =集贸价格明细!M888 -> -2.3 | P43: =集贸价格明细!K889 -> 1.5 | Q43: =集贸价格明细!M889 -> -2.5
A44: 45894 | B44: 8月第3周 | C44: =集贸价格明细!H907 -> 8.85 | D44: =集贸价格明细!H908 -> 7.49 | E44: =集贸价格明细!H909 -> 22.41 | F44: =集贸价格明细!H910 -> 3.76 | G44: =集贸价格明细!H911 -> 3.42 | H44: =集贸价格明细!K907 -> 1 | I44: =集贸价格明细!M907 -> -22.2 | J44: =集贸价格明细!K908 -> 2.3 | K44: =集贸价格明细!M908 -> -30.1 | L44: =集贸价格明细!K909 -> 0.1 | M44: =集贸价格明细!M909 -> -6.1 | N44: =集贸价格明细!K910 -> 0 | O44: =集贸价格明细!M910 -> -2.1 | P44: =集贸价格明细!K911 -> 1.8 | Q44: =集贸价格明细!M911 -> -4.5
A45: 45894 | B45: 8月第2周 | C45: =集贸价格明细!H929 -> 8.76 | D45: =集贸价格明细!H930 -> 7.32 | E45: =集贸价格明细!H931 -> 22.38 | F45: =集贸价格明细!H932 -> 3.76 | G45: =集贸价格明细!H933 -> 3.36 | H45: =集贸价格明细!K929 -> 0.1 | I45: =集贸价格明细!M929 -> -21.7 | J45: =集贸价格明细!K930 -> 0.4 | K45: =集贸价格明细!M930 -> -29.4 | L45: =集贸价格明细!K931 -> -0.1 | M45: =集贸价格明细!M931 -> -6.2 | N45: =集贸价格明细!K932 -> -0.5 | O45: =集贸价格明细!M932 -> -1.8 | P45: =集贸价格明细!K933 -> 2.4 | Q45: =集贸价格明细!M933 -> -6.1
A46: 45882 | B46: 8月第1周 | C46: =集贸价格明细!H951 -> 8.75 | D46: =集贸价格明细!H952 -> 7.29 | E46: =集贸价格明细!H953 -> 22.4 | F46: =集贸价格明细!H954 -> 3.78 | G46: =集贸价格明细!H955 -> 3.28 | H46: =集贸价格明细!K951 -> -0.3 | I46: =集贸价格明细!M951 -> -19.9 | J46: =集贸价格明细!K952 -> -0.5 | K46: =集贸价格明细!M952 -> -26.7 | L46: =集贸价格明细!K953 -> 0 | M46: =集贸价格明细!M953 -> -5.8 | N46: =集贸价格明细!K954 -> -0.3 | O46: =集贸价格明细!M954 -> -1 | P46: =集贸价格明细!K955 -> 2.5 | Q46: =集贸价格明细!M955 -> -8.4
A47: 45873 | B47: 7月第5周 | C47: =集贸价格明细!H973 -> 8.78 | D47: =集贸价格明细!H974 -> 7.33 | E47: =集贸价格明细!H975 -> 22.41 | F47: =集贸价格明细!H976 -> 3.79 | G47: =集贸价格明细!H977 -> 3.2 | H47: =集贸价格明细!K973 -> 1.7 | I47: =集贸价格明细!M973 -> -18.5 | J47: =集贸价格明细!K974 -> 2.9 | K47: =集贸价格明细!M974 -> -24.5 | L47: =集贸价格明细!K975 -> 0.1 | M47: =集贸价格明细!M975 -> -5.4 | N47: =集贸价格明细!K976 -> 0.3 | O47: =集贸价格明细!M976 -> -0.5 | P47: =集贸价格明细!K977 -> 1.9 | Q47: =集贸价格明细!M977 -> -9.9
A48: 45867 | B48: 7月第4周 | C48: =集贸价格明细!H995 -> 8.63 | D48: =集贸价格明细!H996 -> 7.12 | E48: =集贸价格明细!H997 -> 22.39 | F48: =集贸价格明细!H998 -> 3.78 | G48: =集贸价格明细!H999 -> 3.14 | H48: =集贸价格明细!K995 -> 3 | I48: =集贸价格明细!M995 -> -20.3 | J48: =集贸价格明细!K996 -> 6.4 | K48: =集贸价格明细!M996 -> -27.9 | L48: =集贸价格明细!K997 -> 0.1 | M48: =集贸价格明细!M997 -> -5.4 | N48: =集贸价格明细!K998 -> 0 | O48: =集贸价格明细!M998 -> -0.5 | P48: =集贸价格明细!K999 -> 1.3 | Q48: =集贸价格明细!M999 -> -10.8
A49: 45860 | B49: 7月第3周 | C49: =集贸价格明细!H1017 -> 8.38 | D49: =集贸价格明细!H1018 -> 6.69 | E49: =集贸价格明细!H1019 -> 22.37 | F49: =集贸价格明细!H1020 -> 3.78 | G49: =集贸价格明细!H1021 -> 3.1 | H49: =集贸价格明细!K1017 -> 0.1 | I49: =集贸价格明细!M1017 -> -22.1 | J49: =集贸价格明细!K1018 -> 0.5 | K49: =集贸价格明细!M1018 -> -32.2 | L49: =集贸价格明细!K1019 -> -0.2 | M49: =集贸价格明细!M1019 -> -5.3 | N49: =集贸价格明细!K1020 -> -0.5 | O49: =集贸价格明细!M1020 -> -0.3 | P49: =集贸价格明细!K1021 -> -0.6 | Q49: =集贸价格明细!M1021 -> -10.9
A50: 45853 | B50: 7月第2周 | C50: =集贸价格明细!H1039 -> 8.37 | D50: =集贸价格明细!H1040 -> 6.66 | E50: =集贸价格明细!H1041 -> 22.41 | F50: =集贸价格明细!H1042 -> 3.8 | G50: =集贸价格明细!H1043 -> 3.12 | H50: =集贸价格明细!K1039 -> -1.3 | I50: =集贸价格明细!M1039 -> -20 | J50: =集贸价格明细!K1040 -> -2.6 | K50: =集贸价格明细!M1040 -> -29.3 | L50: =集贸价格明细!K1041 -> -0.3 | M50: =集贸价格明细!M1041 -> -4.9 | N50: =集贸价格明细!K1042 -> -1.3 | O50: =集贸价格明细!M1042 -> 1.1 | P50: =集贸价格明细!K1043 -> -2.5 | Q50: =集贸价格明细!M1043 -> -8.5
A51: 45847 | B51: 7月第1周 | C51: =集贸价格明细!H1061 -> 8.48 | D51: =集贸价格明细!H1062 -> 6.84 | E51: =集贸价格明细!H1063 -> 22.47 | F51: =集贸价格明细!H1064 -> 3.85 | G51: =集贸价格明细!H1065 -> 3.2 | H51: =集贸价格明细!K1061 -> -1.3 | I51: =集贸价格明细!M1061 -> -16.2 | J51: =集贸价格明细!K1062 -> -2.4 | K51: =集贸价格明细!M1062 -> -23.5 | L51: =集贸价格明细!K1063 -> -0.4 | M51: =集贸价格明细!M1063 -> -4.5 | N51: =集贸价格明细!K1064 -> -1 | O51: =集贸价格明细!M1064 -> 2.7 | P51: =集贸价格明细!K1065 -> -1.8 | Q51: =集贸价格明细!M1065 -> -5.3
A52: 45840 | B52: 6月第4周 | C52: =集贸价格明细!H1083 -> 8.59 | D52: =集贸价格明细!H1084 -> 7.01 | E52: =集贸价格明细!H1085 -> 22.55 | F52: =集贸价格明细!H1086 -> 3.89 | G52: =集贸价格明细!H1087 -> 3.26 | H52: =集贸价格明细!K1083 -> -0.5 | I52: =集贸价格明细!M1083 -> -14.2 | J52: =集贸价格明细!K1084 -> 0.1 | K52: =集贸价格明细!M1084 -> -19.5 | L52: =集贸价格明细!K1085 -> -0.2 | M52: =集贸价格明细!M1085 -> -4.1 | N52: =集贸价格明细!K1086 -> -1 | O52: =集贸价格明细!M1086 -> 3.7 | P52: =集贸价格明细!K1087 -> -1.5 | Q52: =集贸价格明细!M1087 -> -4.1
A53: 45832 | B53: 6月第3周 | C53: =集贸价格明细!H1105 -> 8.63 | D53: =集贸价格明细!H1106 -> 7 | E53: =集贸价格明细!H1107 -> 22.59 | F53: =集贸价格明细!H1108 -> 3.93 | G53: =集贸价格明细!H1109 -> 3.31 | H53: =集贸价格明细!K1105 -> -1.7 | I53: =集贸价格明细!M1105 -> -14.6 | J53: =集贸价格明细!K1106 -> -3 | K53: =集贸价格明细!M1106 -> -21.1 | L53: =集贸价格明细!K1107 -> -0.4 | M53: =集贸价格明细!M1107 -> -4.1 | N53: =集贸价格明细!K1108 -> -1.5 | O53: =集贸价格明细!M1108 -> 4.8 | P53: =集贸价格明细!K1109 -> -2.1 | Q53: =集贸价格明细!M1109 -> -2.9
A54: 45825 | B54: 6月第2周 | C54: =集贸价格明细!H1127 -> 8.78 | D54: =集贸价格明细!H1128 -> 7.22 | E54: =集贸价格明细!H1129 -> 22.67 | F54: =集贸价格明细!H1130 -> 3.99 | G54: =集贸价格明细!H1131 -> 3.38 | H54: =集贸价格明细!K1127 -> -2 | I54: =集贸价格明细!M1127 -> -14.6 | J54: =集贸价格明细!K1128 -> -3.5 | K54: =集贸价格明细!M1128 -> -21.7 | L54: =集贸价格明细!K1129 -> -0.4 | M54: =集贸价格明细!M1129 -> -3.6 | N54: =集贸价格明细!K1130 -> -1.2 | O54: =集贸价格明细!M1130 -> 6.7 | P54: =集贸价格明细!K1131 -> -0.3 | Q54: =集贸价格明细!M1131 -> -1.2
A55: 45818 | B55: 6月第1周 | C55: =集贸价格明细!H1149 -> 8.96 | D55: =集贸价格明细!H1150 -> 7.48 | E55: =集贸价格明细!H1151 -> 22.75 | F55: =集贸价格明细!H1152 -> 4.04 | G55: =集贸价格明细!H1153 -> 3.39 | H55: =集贸价格明细!K1149 -> -1.2 | I55: =集贸价格明细!M1149 -> -12.9 | J55: =集贸价格明细!K1150 -> -2.5 | K55: =集贸价格明细!M1150 -> -19.3 | L55: =集贸价格明细!K1151 -> -0.2 | M55: =集贸价格明细!M1151 -> -3 | N55: =集贸价格明细!K1152 -> -1.2 | O55: =集贸价格明细!M1152 -> 8 | P55: =集贸价格明细!K1153 -> -0.3 | Q55: =集贸价格明细!M1153 -> -2
A56: 45812 | B56: 5月第4周 | C56: =集贸价格明细!H1171 -> 9.07 | D56: =集贸价格明细!H1172 -> 7.67 | E56: =集贸价格明细!H1173 -> 22.8 | F56: =集贸价格明细!H1174 -> 4.09 | G56: =集贸价格明细!H1175 -> 3.4 | H56: =集贸价格明细!K1171 -> -1.1 | I56: =集贸价格明细!M1171 -> -11.3 | J56: =集贸价格明细!K1172 -> -1.9 | K56: =集贸价格明细!M1172 -> -16.7 | L56: =集贸价格明细!K1173 -> 0 | M56: =集贸价格明细!M1173 -> -2.6 | N56: =集贸价格明细!K1174 -> -0.7 | O56: =集贸价格明细!M1174 -> 9.1 | P56: =集贸价格明细!K1175 -> -0.6 | Q56: =集贸价格明细!M1175 -> -2.9
A57: 45804 | B57: 5月第3周 | C57: =集贸价格明细!H1193 -> 9.17 | D57: =集贸价格明细!H1194 -> 7.82 | E57: =集贸价格明细!H1195 -> 22.81 | F57: =集贸价格明细!H1196 -> 4.12 | G57: =集贸价格明细!H1197 -> 3.42 | H57: =集贸价格明细!K1193 -> -0.8 | I57: =集贸价格明细!M1193 -> -8.3 | J57: =集贸价格明细!K1194 -> -0.4 | K57: =集贸价格明细!M1194 -> -11.5 | L57: =集贸价格明细!K1195 -> -0.1 | M57: =集贸价格明细!M1195 -> -2.1 | N57: =集贸价格明细!K1196 -> -0.2 | O57: =集贸价格明细!M1196 -> 9.9 | P57: =集贸价格明细!K1197 -> -0.9 | Q57: =集贸价格明细!M1197 -> -2.3
A58: 45797 | B58: 5月第2周 | C58: =集贸价格明细!H1215 -> 9.24 | D58: =集贸价格明细!H1216 -> 7.85 | E58: =集贸价格明细!H1217 -> 22.83 | F58: =集贸价格明细!H1218 -> 4.13 | G58: =集贸价格明细!H1219 -> 3.45 | H58: =集贸价格明细!K1215 -> -0.6 | I58: =集贸价格明细!M1215 -> -4.4 | J58: =集贸价格明细!K1216 -> -0.5 | K58: =集贸价格明细!M1216 -> -5.9 | L58: =集贸价格明细!K1217 -> -0.3 | M58: =集贸价格明细!M1217 -> -1.9 | N58: =集贸价格明细!K1218 -> -0.7 | O58: =集贸价格明细!M1218 -> 10.4 | P58: =集贸价格明细!K1219 -> -0.3 | Q58: =集贸价格明细!M1219 -> -1.1
A59: 45790 | B59: 5月第1周 | C59: =集贸价格明细!H1237 -> 9.3 | D59: =集贸价格明细!H1238 -> 7.89 | E59: =集贸价格明细!H1239 -> 22.89 | F59: =集贸价格明细!H1240 -> 4.16 | G59: =集贸价格明细!H1241 -> 3.46 | H59: =集贸价格明细!K1237 -> -1.3 | I59: =集贸价格明细!M1237 -> -2.4 | J59: =集贸价格明细!K1238 -> -2 | K59: =集贸价格明细!M1238 -> -1.6 | L59: =集贸价格明细!K1239 -> -0.1 | M59: =集贸价格明细!M1239 -> -1.9 | N59: =集贸价格明细!K1240 -> -0.2 | O59: =集贸价格明细!M1240 -> 10.9 | P59: =集贸价格明细!K1241 -> -0.3 | Q59: =集贸价格明细!M1241 -> -0.6
A60: 45784 | B60: 4月第5周 | C60: =集贸价格明细!H1259 -> 9.42 | D60: =集贸价格明细!H1260 -> 8.05 | E60: =集贸价格明细!H1261 -> 22.91 | F60: =集贸价格明细!H1262 -> 4.17 | G60: =集贸价格明细!H1263 -> 3.47 | H60: =集贸价格明细!K1259 -> -0.7 | I60: =集贸价格明细!M1259 -> -1.2 | J60: =集贸价格明细!K1260 -> -1.5 | K60: =集贸价格明细!M1260 -> 1 | L60: =集贸价格明细!K1261 -> 0 | M60: =集贸价格明细!M1261 -> -2 | N60: =集贸价格明细!K1262 -> 0 | O60: =集贸价格明细!M1262 -> 11.2 | P60: =集贸价格明细!K1263 -> 0 | Q60: =集贸价格明细!M1263 -> -0.6
A61: 45776 | B61: 4月第4周 | C61: =集贸价格明细!H1281 -> 9.49 | D61: =集贸价格明细!H1282 -> 8.17 | E61: =集贸价格明细!H1283 -> 22.91 | F61: =集贸价格明细!H1284 -> 4.17 | G61: =集贸价格明细!H1285 -> 3.47 | H61: =集贸价格明细!K1281 -> 1.2 | I61: =集贸价格明细!M1281 -> -1.1 | J61: =集贸价格明细!K1282 -> 2.3 | K61: =集贸价格明细!M1282 -> 2 | L61: =集贸价格明细!K1283 -> 0 | M61: =集贸价格明细!M1283 -> -2 | N61: =集贸价格明细!K1284 -> -1 | O61: =集贸价格明细!M1284 -> 10.9 | P61: =集贸价格明细!K1285 -> 0 | Q61: =集贸价格明细!M1285 -> -0.9
A62: 45769 | B62: 4月第3周 | C62: =集贸价格明细!H1303 -> 9.38 | D62: =集贸价格明细!H1304 -> 7.99 | E62: =集贸价格明细!H1305 -> 22.92 | F62: =集贸价格明细!H1306 -> 4.21 | G62: =集贸价格明细!H1307 -> 3.47 | H62: =集贸价格明细!K1303 -> 1 | I62: =集贸价格明细!M1303 -> -3.1 | J62: =集贸价格明细!K1304 -> 2.3 | K62: =集贸价格明细!M1304 -> -1.2 | L62: =集贸价格明细!K1305 -> 0 | M62: =集贸价格明细!M1305 -> -2.1 | N62: =集贸价格明细!K1306 -> 1.2 | O62: =集贸价格明细!M1306 -> 12.3 | P62: =集贸价格明细!K1307 -> 0.3 | Q62: =集贸价格明细!M1307 -> -1.4
A63: 45763 | B63: 4月第2周 | C63: =集贸价格明细!H1325 -> 9.29 | D63: =集贸价格明细!H1326 -> 7.81 | E63: =集贸价格明细!H1327 -> 22.93 | F63: =集贸价格明细!H1328 -> 4.16 | G63: =集贸价格明细!H1329 -> 3.46 | H63: =集贸价格明细!K1325 -> -0.5 | I63: =集贸价格明细!M1325 -> -4.9 | J63: =集贸价格明细!K1326 -> -0.3 | K63: =集贸价格明细!M1326 -> -3.5 | L63: =集贸价格明细!K1327 -> 0 | M63: =集贸价格明细!M1327 -> -2.4 | N63: =集贸价格明细!K1328 -> 0.2 | O63: =集贸价格明细!M1328 -> 11.5 | P63: =集贸价格明细!K1329 -> 0 | Q63: =集贸价格明细!M1329 -> -1.1
A64: 45756 | B64: 4月第1周 | C64: =集贸价格明细!H1347 -> 9.34 | D64: =集贸价格明细!H1348 -> 7.83 | E64: =集贸价格明细!H1349 -> 22.94 | F64: =集贸价格明细!H1350 -> 4.15 | G64: =集贸价格明细!H1351 -> 3.46 | H64: =集贸价格明细!K1347 -> -1.1 | I64: =集贸价格明细!M1347 -> -5.5 | J64: =集贸价格明细!K1348 -> -1.4 | K64: =集贸价格明细!M1348 -> -4.9 | L64: =集贸价格明细!K1349 -> -0.2 | M64: =集贸价格明细!M1349 -> -2.8 | N64: =集贸价格明细!K1350 -> -0.2 | O64: =集贸价格明细!M1350 -> 11.6 | P64: =集贸价格明细!K1351 -> -0.3 | Q64: =集贸价格明细!M1351 -> -1.4
A65: 45748 | B65: 3月第4周 | C65: =集贸价格明细!H1369 -> 9.44 | D65: =集贸价格明细!H1370 -> 7.94 | E65: =集贸价格明细!H1371 -> 22.99 | F65: =集贸价格明细!H1372 -> 4.16 | G65: =集贸价格明细!H1373 -> 3.47 | H65: =集贸价格明细!K1369 -> -1.2 | I65: =集贸价格明细!M1369 -> -5.5 | J65: =集贸价格明细!K1370 -> -1 | K65: =集贸价格明细!M1370 -> -4.8 | L65: =集贸价格明细!K1371 -> -0.3 | M65: =集贸价格明细!M1371 -> -2.7 | N65: =集贸价格明细!K1372 -> 0 | O65: =集贸价格明细!M1372 -> 12.4 | P65: =集贸价格明细!K1373 -> 0.9 | Q65: =集贸价格明细!M1373 -> -1.4
A66: 45741 | B66: 3月第3周 | C66: =集贸价格明细!H1391 -> 9.55 | D66: =集贸价格明细!H1392 -> 8.02 | E66: =集贸价格明细!H1393 -> 23.05 | F66: =集贸价格明细!H1394 -> 4.16 | G66: =集贸价格明细!H1395 -> 3.44 | H66: =集贸价格明细!K1391 -> -1.3 | I66: =集贸价格明细!M1391 -> -5.1 | J66: =集贸价格明细!K1392 -> -2.2 | K66: =集贸价格明细!M1392 -> -4.8 | L66: =集贸价格明细!K1393 -> -0.3 | M66: =集贸价格明细!M1393 -> -2.6 | N66: =集贸价格明细!K1394 -> 0.2 | O66: =集贸价格明细!M1394 -> 12.7 | P66: =集贸价格明细!K1395 -> 0.9 | Q66: =集贸价格明细!M1395 -> -3.1
A67: 45734 | B67: 3月第2周 | C67: =集贸价格明细!H1413 -> 9.68 | D67: =集贸价格明细!H1414 -> 8.2 | E67: =集贸价格明细!H1415 -> 23.12 | F67: =集贸价格明细!H1416 -> 4.15 | G67: =集贸价格明细!H1417 -> 3.41 | H67: =集贸价格明细!K1413 -> -1 | I67: =集贸价格明细!M1413 -> -4.6 | J67: =集贸价格明细!K1414 -> -1.2 | K67: =集贸价格明细!M1414 -> -3.6 | L67: =集贸价格明细!K1415 -> -0.1 | M67: =集贸价格明细!M1415 -> -2.6 | N67: =集贸价格明细!K1416 -> 0.5 | O67: =集贸价格明细!M1416 -> 12.5 | P67: =集贸价格明细!K1417 -> 0.6 | Q67: =集贸价格明细!M1417 -> -3.1
A68: 45728 | B68: 3月第1周 | C68: =集贸价格明细!H1435 -> 9.78 | D68: =集贸价格明细!H1436 -> 8.3 | E68: =集贸价格明细!H1437 -> 23.15 | F68: =集贸价格明细!H1438 -> 4.13 | G68: =集贸价格明细!H1439 -> 3.39 | H68: =集贸价格明细!K1435 -> -0.2 | I68: =集贸价格明细!M1435 -> -3.2 | J68: =集贸价格明细!K1436 -> 1 | K68: =集贸价格明细!M1436 -> -0.7 | L68: =集贸价格明细!K1437 -> -0.2 | M68: =集贸价格明细!M1437 -> -2.6 | N68: =集贸价格明细!K1438 -> 0 | O68: =集贸价格明细!M1438 -> 12.2 | P68: =集贸价格明细!K1439 -> -0.3 | Q68: =集贸价格明细!M1439 -> -2.6
A69: 45720 | B69: 2月第4周 | C69: =集贸价格明细!H1456 -> 9.8 | D69: =集贸价格明细!H1457 -> 8.22 | E69: =集贸价格明细!H1458 -> 23.2 | F69: =集贸价格明细!H1459 -> 4.13 | G69: =集贸价格明细!H1460 -> 3.4 | H69: =集贸价格明细!K1456 -> -1.6 | I69: =集贸价格明细!M1456 -> -4 | J69: =集贸价格明细!K1457 -> -1.7 | K69: =集贸价格明细!M1457 -> -2.8 | L69: =集贸价格明细!K1458 -> -0.6 | M69: =集贸价格明细!M1458 -> -2.8 | N69: =集贸价格明细!K1459 -> 0.2 | O69: =集贸价格明细!M1459 -> 12.5 | P69: =集贸价格明细!K1460 -> 0.6 | Q69: =集贸价格明细!M1460 -> -2
A70: 45713 | B70: 2月第3周 | C70: =集贸价格明细!H1477 -> 9.96 | D70: =集贸价格明细!H1478 -> 8.36 | E70: =集贸价格明细!H1479 -> 23.33 | F70: =集贸价格明细!H1480 -> 4.12 | G70: =集贸价格明细!H1481 -> 3.38 | H70: =集贸价格明细!K1477 -> -3.1 | I70: =集贸价格明细!M1477 -> -5.4 | J70: =集贸价格明细!K1478 -> -4.5 | K70: =集贸价格明细!M1478 -> -5.7 | L70: =集贸价格明细!K1479 -> -0.9 | M70: =集贸价格明细!M1479 -> -3.2 | N70: =集贸价格明细!K1480 -> 0.2 | O70: =集贸价格明细!M1480 -> 12.3 | P70: =集贸价格明细!K1481 -> -0.3 | Q70: =集贸价格明细!M1481 -> -4.2
A71: 45707 | B71: 2月第2周 | C71: =集贸价格明细!H1497 -> 10.28 | D71: =集贸价格明细!H1498 -> 8.75 | E71: =集贸价格明细!H1499 -> 23.54 | F71: =集贸价格明细!H1500 -> 4.11 | G71: =集贸价格明细!H1501 -> 3.39 | H71: =集贸价格明细!K1497 -> -4.3 | I71: =集贸价格明细!M1497 -> -4.4 | J71: =集贸价格明细!K1498 -> -7 | K71: =集贸价格明细!M1498 -> -4.7 | L71: =集贸价格明细!K1499 -> -1.1 | M71: =集贸价格明细!M1499 -> -3 | N71: =集贸价格明细!K1500 -> 0.2 | O71: =集贸价格明细!M1500 -> 12.3 | P71: =集贸价格明细!K1501 -> -1.5 | Q71: =集贸价格明细!M1501 -> -4
A72: 45699 | B72: 2月第1周 | C72: =集贸价格明细!H1517 -> 10.74 | D72: =集贸价格明细!H1518 -> 9.41 | E72: =集贸价格明细!H1519 -> 23.81 | F72: =集贸价格明细!H1520 -> 4.1 | G72: =集贸价格明细!H1521 -> 3.44 | H72: =集贸价格明细!K1517 -> -2.4 | I72: =集贸价格明细!M1517 -> -2.5 | J72: =集贸价格明细!K1518 -> -4.9 | K72: =集贸价格明细!M1518 -> -2.7 | L72: =集贸价格明细!K1519 -> -0.5 | M72: =集贸价格明细!M1519 -> -2.1 | N72: =集贸价格明细!K1520 -> 0 | O72: =集贸价格明细!M1520 -> 12 | P72: =集贸价格明细!K1521 -> 0 | Q72: =集贸价格明细!M1521 -> -1.7
A73: 45695 | B73: 1月第5周 | C73: =集贸价格明细!H1537 -> 11 | D73: =集贸价格明细!H1538 -> 9.89 | E73: =集贸价格明细!H1539 -> 23.92 | F73: =集贸价格明细!H1540 -> 4.1 | G73: =集贸价格明细!H1541 -> 3.44 | H73: =集贸价格明细!K1537 -> 0 | I73: =集贸价格明细!M1537 -> 0.4 | J73: =集贸价格明细!K1538 -> -0.4 | K73: =集贸价格明细!M1538 -> 2.9 | L73: =集贸价格明细!K1539 -> 1 | M73: =集贸价格明细!M1539 -> -0.3 | N73: =集贸价格明细!K1540 -> 0 | O73: =集贸价格明细!M1540 -> 12.3 | P73: =集贸价格明细!K1541 -> 0.3 | Q73: =集贸价格明细!M1541 -> 0.9
A74: 45693 | B74: 1月第4周 | C74: =集贸价格明细!H1557 -> 11 | D74: =集贸价格明细!H1558 -> 9.93 | E74: =集贸价格明细!H1559 -> 23.68 | F74: =集贸价格明细!H1560 -> 4.1 | G74: =集贸价格明细!H1561 -> 3.43 | H74: =集贸价格明细!K1557 -> -0.3 | I74: =集贸价格明细!M1557 -> 0.5 | J74: =集贸价格明细!K1558 -> -1.1 | K74: =集贸价格明细!M1558 -> 4 | L74: =集贸价格明细!K1559 -> 0.5 | M74: =集贸价格明细!M1559 -> -0.7 | N74: =集贸价格明细!K1560 -> 0.2 | O74: =集贸价格明细!M1560 -> 12.6 | P74: =集贸价格明细!K1561 -> -0.9 | Q74: =集贸价格明细!M1561 -> 3.3
A75: 45678 | B75: 1月第3周 | C75: =集贸价格明细!H1577 -> 11.03 | D75: =集贸价格明细!H1578 -> 10.04 | E75: =集贸价格明细!H1579 -> 23.56 | F75: =集贸价格明细!H1580 -> 4.09 | G75: =集贸价格明细!H1581 -> 3.46 | H75: =集贸价格明细!K1577 -> 0.2 | I75: =集贸价格明细!M1577 -> 0.6 | J75: =集贸价格明细!K1578 -> 0.7 | K75: =集贸价格明细!M1578 -> 4.4 | L75: =集贸价格明细!K1579 -> 0.1 | M75: =集贸价格明细!M1579 -> -0.8 | N75: =集贸价格明细!K1580 -> 0.2 | O75: =集贸价格明细!M1580 -> 12.7 | P75: =集贸价格明细!K1581 -> -0.3 | Q75: =集贸价格明细!M1581 -> 7.5
A76: 45671 | B76: 1月第2周 | C76: =集贸价格明细!H1597 -> 11.01 | D76: =集贸价格明细!H1598 -> 9.97 | E76: =集贸价格明细!H1599 -> 23.54 | F76: =集贸价格明细!H1600 -> 4.08 | G76: =集贸价格明细!H1601 -> 3.47 | H76: =集贸价格明细!K1597 -> -0.6 | I76: =集贸价格明细!M1597 -> 0.4 | J76: =集贸价格明细!K1598 -> -0.8 | K76: =集贸价格明细!M1598 -> 4 | L76: =集贸价格明细!K1599 -> 0.3 | M76: =集贸价格明细!M1599 -> -1.1 | N76: =集贸价格明细!K1600 -> 0.5 | O76: =集贸价格明细!M1600 -> 12.4 | P76: =集贸价格明细!K1601 -> -0.6 | Q76: =集贸价格明细!M1601 -> 9.1
A77: 45664 | B77: 1月第1周 | C77: =集贸价格明细!H1617 -> 11.08 | D77: =集贸价格明细!H1618 -> 10.05 | E77: =集贸价格明细!H1619 -> 23.48 | F77: =集贸价格明细!H1620 -> 4.06 | G77: =集贸价格明细!H1621 -> 3.49 | H77: =集贸价格明细!K1617 -> -0.4 | I77: =集贸价格明细!M1617 -> 0.1 | J77: =集贸价格明细!K1618 -> -0.6 | K77: =集贸价格明细!M1618 -> 3.5 | L77: =集贸价格明细!K1619 -> 0 | M77: =集贸价格明细!M1619 -> -1.6 | N77: =集贸价格明细!K1620 -> 0 | O77: =集贸价格明细!M1620 -> 11.8 | P77: =集贸价格明细!K1621 -> -3.1 | Q77: =集贸价格明细!M1621 -> 10.8
A78: 45657 | B78: 12月第4周 | C78: =集贸价格明细!H1637 -> 11.13 | D78: =集贸价格明细!H1638 -> 10.11 | E78: =集贸价格明细!H1639 -> 23.48 | F78: =集贸价格明细!H1640 -> 4.06 | G78: =集贸价格明细!H1641 -> 3.6 | H78: =集贸价格明细!K1637 -> -0.1 | I78: =集贸价格明细!M1637 -> 0 | J78: =集贸价格明细!K1638 -> -0.1 | K78: =集贸价格明细!M1638 -> 3.8 | L78: =集贸价格明细!K1639 -> 0 | M78: =集贸价格明细!M1639 -> -1.6 | N78: =集贸价格明细!K1640 -> 0.2 | O78: =集贸价格明细!M1640 -> 10.9 | P78: =集贸价格明细!K1641 -> 0.3 | Q78: =集贸价格明细!M1641 -> 13.9
A79: 45650 | B79: 12月第3周 | C79: =集贸价格明细!H1657 -> 11.14 | D79: =集贸价格明细!H1658 -> 10.12 | E79: =集贸价格明细!H1659 -> 23.47 | F79: =集贸价格明细!H1660 -> 4.05 | G79: =集贸价格明细!H1661 -> 3.59 | H79: =集贸价格明细!K1657 -> 0.2 | I79: =集贸价格明细!M1657 -> -0.4 | J79: =集贸价格明细!K1658 -> 0.3 | K79: =集贸价格明细!M1658 -> 3.4 | L79: =集贸价格明细!K1659 -> 0 | M79: =集贸价格明细!M1659 -> -1.8 | N79: =集贸价格明细!K1660 -> 0.7 | O79: =集贸价格明细!M1660 -> 11 | P79: =集贸价格明细!K1661 -> -1.9 | Q79: =集贸价格明细!M1661 -> 13.6
A80: 45643 | B80: 12月第2周 | C80: =集贸价格明细!H1677 -> 11.12 | D80: =集贸价格明细!H1678 -> 10.09 | E80: =集贸价格明细!H1679 -> 23.48 | F80: =集贸价格明细!H1680 -> 4.02 | G80: =集贸价格明细!H1681 -> 3.66 | H80: =集贸价格明细!K1677 -> 0.2 | I80: =集贸价格明细!M1677 -> -2 | J80: =集贸价格明细!K1678 -> 0.5 | K80: =集贸价格明细!M1678 -> -0.2 | L80: =集贸价格明细!K1679 -> -0.1 | M80: =集贸价格明细!M1679 -> -1.8 | N80: =集贸价格明细!K1680 -> 0.5 | O80: =集贸价格明细!M1680 -> 10.1 | P80: =集贸价格明细!K1681 -> -1.6 | Q80: =集贸价格明细!M1681 -> 15.5
A81: 45636 | B81: 12月第1周 | C81: =集贸价格明细!H1697 -> 11.1 | D81: =集贸价格明细!H1698 -> 10.04 | E81: =集贸价格明细!H1699 -> 23.5 | F81: =集贸价格明细!H1700 -> 4 | G81: =集贸价格明细!H1701 -> 3.72 | H81: =集贸价格明细!K1697 -> 0.8 | I81: =集贸价格明细!M1697 -> -2.8 | J81: =集贸价格明细!K1698 -> 1.4 | K81: =集贸价格明细!M1698 -> -2 | L81: =集贸价格明细!K1699 -> -0.2 | M81: =集贸价格明细!M1699 -> -1.7 | N81: =集贸价格明细!K1700 -> 0.3 | O81: =集贸价格明细!M1700 -> 9 | P81: =集贸价格明细!K1701 -> -0.8 | Q81: =集贸价格明细!M1701 -> 16.6
A82: 45629 | B82: 11月第4周 | C82: =集贸价格明细!H1717 -> 11.01 | D82: =集贸价格明细!H1718 -> 9.9 | E82: =集贸价格明细!H1719 -> 23.54 | F82: =集贸价格明细!H1720 -> 3.99 | G82: =集贸价格明细!H1721 -> 3.75 | H82: =集贸价格明细!K1717 -> -0.8 | I82: =集贸价格明细!M1717 -> -3.9 | J82: =集贸价格明细!K1718 -> -1.1 | K82: =集贸价格明细!M1718 -> -4.1 | L82: =集贸价格明细!K1719 -> -0.1 | M82: =集贸价格明细!M1719 -> -1.6 | N82: =集贸价格明细!K1720 -> 0.5 | O82: =集贸价格明细!M1720 -> 8.7 | P82: =集贸价格明细!K1721 -> 0.3 | Q82: =集贸价格明细!M1721 -> 16.1
A83: 45622 | B83: 11月第3周 | C83: =集贸价格明细!H1737 -> 11.1 | D83: =集贸价格明细!H1738 -> 10.01 | E83: =集贸价格明细!H1739 -> 23.56 | F83: =集贸价格明细!H1740 -> 3.97 | G83: =集贸价格明细!H1741 -> 3.74 | H83: =集贸价格明细!K1737 -> -1.2 | I83: =集贸价格明细!M1737 -> -2.1 | J83: =集贸价格明细!K1738 -> -2.2 | K83: =集贸价格明细!M1738 -> -1.2 | L83: =集贸价格明细!K1739 -> 0 | M83: =集贸价格明细!M1739 -> -1.5 | N83: =集贸价格明细!K1740 -> 0.5 | O83: =集贸价格明细!M1740 -> 7.9 | P83: =集贸价格明细!K1741 -> 0.5 | Q83: =集贸价格明细!M1741 -> 15.4
A84: 45616 | B84: 11月第2周 | C84: =集贸价格明细!H1757 -> 11.23 | D84: =集贸价格明细!H1758 -> 10.24 | E84: =集贸价格明细!H1759 -> 23.57 | F84: =集贸价格明细!H1760 -> 3.95 | G84: =集贸价格明细!H1761 -> 3.72 | H84: =集贸价格明细!K1757 -> -0.8 | I84: =集贸价格明细!M1757 -> -0.7 | J84: =集贸价格明细!K1758 -> -1.2 | K84: =集贸价格明细!M1758 -> 2.9 | L84: =集贸价格明细!K1759 -> -0.1 | M84: =集贸价格明细!M1759 -> -1.3 | N84: =集贸价格明细!K1760 -> 0 | O84: =集贸价格明细!M1760 -> 7 | P84: =集贸价格明细!K1761 -> -0.5 | Q84: =集贸价格明细!M1761 -> 14.5
A85: 45607 | B85: 11月第1周 | C85: =集贸价格明细!H1777 -> 11.32 | D85: =集贸价格明细!H1778 -> 10.36 | E85: =集贸价格明细!H1779 -> 23.6 | F85: =集贸价格明细!H1780 -> 3.95 | G85: =集贸价格明细!H1781 -> 3.74 | H85: =集贸价格明细!K1777 -> -0.7 | I85: =集贸价格明细!M1777 -> -0.7 | J85: =集贸价格明细!K1778 -> -1.4 | K85: =集贸价格明细!M1778 -> 3.5 | L85: =集贸价格明细!K1779 -> 0 | M85: =集贸价格明细!M1779 -> -1.2 | N85: =集贸价格明细!K1780 -> -0.3 | O85: =集贸价格明细!M1780 -> 6.8 | P85: =集贸价格明细!K1781 -> 0 | Q85: =集贸价格明细!M1781 -> 15.4
A86: 45601 | B86: 10月第5周 | C86: =集贸价格明细!H1797 -> 11.4 | D86: =集贸价格明细!H1798 -> 10.51 | E86: =集贸价格明细!H1799 -> 23.61 | F86: =集贸价格明细!H1800 -> 3.96 | G86: =集贸价格明细!H1801 -> 3.74 | H86: =集贸价格明细!K1797 -> 0.4 | I86: =集贸价格明细!M1797 -> -1.2 | J86: =集贸价格明细!K1798 -> 0.8 | K86: =集贸价格明细!M1798 -> 3.3 | L86: =集贸价格明细!K1799 -> -0.3 | M86: =集贸价格明细!M1799 -> -1.3 | N86: =集贸价格明细!K1800 -> 0.5 | O86: =集贸价格明细!M1800 -> 6.7 | P86: =集贸价格明细!K1801 -> 0 | Q86: =集贸价格明细!M1801 -> 15.1
A87: 45593 | B87: 10月第4周 | C87: =集贸价格明细!H1817 -> 11.36 | D87: =集贸价格明细!H1818 -> 10.43 | E87: =集贸价格明细!H1819 -> 23.68 | F87: =集贸价格明细!H1820 -> 3.94 | G87: =集贸价格明细!H1821 -> 3.74 | H87: =集贸价格明细!K1817 -> 1.2 | I87: =集贸价格明细!M1817 -> -2.4 | J87: =集贸价格明细!K1818 -> 2.4 | K87: =集贸价格明细!M1818 -> 1.5 | L87: =集贸价格明细!K1819 -> -0.1 | M87: =集贸价格明细!M1819 -> -1.4 | N87: =集贸价格明细!K1820 -> 0.3 | O87: =集贸价格明细!M1820 -> 5.6 | P87: =集贸价格明细!K1821 -> 0.3 | Q87: =集贸价格明细!M1821 -> 13.3
A88: 45587 | B88: 10月第3周 | C88: =集贸价格明细!H1837 -> 11.22 | D88: =集贸价格明细!H1838 -> 10.19 | E88: =集贸价格明细!H1839 -> 23.7 | F88: =集贸价格明细!H1840 -> 3.93 | G88: =集贸价格明细!H1841 -> 3.73 | H88: =集贸价格明细!K1837 -> -0.4 | I88: =集贸价格明细!M1837 -> -5.3 | J88: =集贸价格明细!K1838 -> 0 | K88: =集贸价格明细!M1838 -> -3.5 | L88: =集贸价格明细!K1839 -> -0.1 | M88: =集贸价格明细!M1839 -> -1.6 | N88: =集贸价格明细!K1840 -> 0.5 | O88: =集贸价格明细!M1840 -> 5.1 | P88: =集贸价格明细!K1841 -> 0.8 | Q88: =集贸价格明细!M1841 -> 12.7
A89: 45580 | B89: 10月第2周 | C89: =集贸价格明细!H1857 -> 11.27 | D89: =集贸价格明细!H1858 -> 10.19 | E89: =集贸价格明细!H1859 -> 23.72 | F89: =集贸价格明细!H1860 -> 3.91 | G89: =集贸价格明细!H1861 -> 3.7 | H89: =集贸价格明细!K1857 -> -0.5 | I89: =集贸价格明细!M1857 -> -6.7 | J89: =集贸价格明细!K1858 -> -1.2 | K89: =集贸价格明细!M1858 -> -7.4 | L89: =集贸价格明细!K1859 -> -0.1 | M89: =集贸价格明细!M1859 -> -1.9 | N89: =集贸价格明细!K1860 -> 0 | O89: =集贸价格明细!M1860 -> 4.3 | P89: =集贸价格明细!K1861 -> 0.8 | Q89: =集贸价格明细!M1861 -> 12.1
A90: 45575 | B90: 10月第1周 | C90: =集贸价格明细!H1877 -> 11.33 | D90: =集贸价格明细!H1878 -> 10.31 | E90: =集贸价格明细!H1879 -> 23.75 | F90: =集贸价格明细!H1880 -> 3.91 | G90: =集贸价格明细!H1881 -> 3.67 | H90: =集贸价格明细!K1877 -> -2.6 | I90: =集贸价格明细!M1877 -> -7.9 | J90: =集贸价格明细!K1878 -> -5.5 | K90: =集贸价格明细!M1878 -> -9.3 | L90: =集贸价格明细!K1879 -> -0.3 | M90: =集贸价格明细!M1879 -> -2.1 | N90: =集贸价格明细!K1880 -> 0.5 | O90: =集贸价格明细!M1880 -> 3.7 | P90: =集贸价格明细!K1881 -> 1.4 | Q90: =集贸价格明细!M1881 -> 9.6
A91: 45564 | B91: 9月第4周 | C91: =集贸价格明细!H1897 -> 11.63 | D91: =集贸价格明细!H1898 -> 10.91 | E91: =集贸价格明细!H1899 -> 23.83 | F91: =集贸价格明细!H1900 -> 3.89 | G91: =集贸价格明细!H1901 -> 3.62 | H91: =集贸价格明细!K1897 -> -1.4 | I91: =集贸价格明细!M1897 -> -7.1 | J91: =集贸价格明细!K1898 -> -3.4 | K91: =集贸价格明细!M1898 -> -7.5 | L91: =集贸价格明细!K1899 -> -0.3 | M91: =集贸价格明细!M1899 -> -2 | N91: =集贸价格明细!K1900 -> 0 | O91: =集贸价格明细!M1900 -> 2.6 | P91: =集贸价格明细!K1901 -> 0.3 | Q91: =集贸价格明细!M1901 -> 8.1
A92: 45559 | B92: 9月第3周 | C92: =集贸价格明细!H1917 -> 11.8 | D92: =集贸价格明细!H1918 -> 11.29 | E92: =集贸价格明细!H1919 -> 23.9 | F92: =集贸价格明细!H1920 -> 3.89 | G92: =集贸价格明细!H1921 -> 3.61 | H92: =集贸价格明细!K1917 -> 0.5 | I92: =集贸价格明细!M1917 -> -5.9 | J92: =集贸价格明细!K1918 -> -0.3 | K92: =集贸价格明细!M1918 -> -5.5 | L92: =集贸价格明细!K1919 -> 0.1 | M92: =集贸价格明细!M1919 -> -1.4 | N92: =集贸价格明细!K1920 -> 0.5 | O92: =集贸价格明细!M1920 -> 2.6 | P92: =集贸价格明细!K1921 -> 0 | Q92: =集贸价格明细!M1921 -> 8.1
A93: 45553 | B93: 9月第2周 | C93: =集贸价格明细!H1937 -> 11.74 | D93: =集贸价格明细!H1938 -> 11.32 | E93: =集贸价格明细!H1939 -> 23.88 | F93: =集贸价格明细!H1940 -> 3.87 | G93: =集贸价格明细!H1941 -> 3.61 | H93: =集贸价格明细!K1937 -> 1.9 | I93: =集贸价格明细!M1937 -> -6.2 | J93: =集贸价格明细!K1938 -> 3.5 | K93: =集贸价格明细!M1938 -> -5.3 | L93: =集贸价格明细!K1939 -> 0 | M93: =集贸价格明细!M1939 -> -1.6 | N93: =集贸价格明细!K1940 -> 0.3 | O93: =集贸价格明细!M1940 -> 1.8 | P93: =集贸价格明细!K1941 -> 1.4 | Q93: =集贸价格明细!M1941 -> 9.1
A94: 45546 | B94: 9月第1周 | C94: =集贸价格明细!H1957 -> 11.52 | D94: =集贸价格明细!H1958 -> 10.94 | E94: =集贸价格明细!H1959 -> 23.87 | F94: =集贸价格明细!H1960 -> 3.86 | G94: =集贸价格明细!H1961 -> 3.56 | H94: =集贸价格明细!K1957 -> 0.3 | I94: =集贸价格明细!M1957 -> -6.9 | J94: =集贸价格明细!K1958 -> 0.7 | K94: =集贸价格明细!M1958 -> -7.2 | L94: =集贸价格明细!K1959 -> 0 | M94: =集贸价格明细!M1959 -> -1.5 | N94: =集贸价格明细!K1960 -> 0.3 | O94: =集贸价格明细!M1960 -> 2.1 | P94: =集贸价格明细!K1961 -> 0 | Q94: =集贸价格明细!M1961 -> 5.3
A95: 45538 | B95: 8月第5周 | C95: =集贸价格明细!H1977 -> 11.49 | D95: =集贸价格明细!H1978 -> 10.86 | E95: =集贸价格明细!H1979 -> 23.87 | F95: =集贸价格明细!H1980 -> 3.85 | G95: =集贸价格明细!H1981 -> 3.56 | H95: =集贸价格明细!K1977 -> 1 | I95: =集贸价格明细!M1977 -> -6 | J95: =集贸价格明细!K1978 -> 1.3 | K95: =集贸价格明细!M1978 -> -5.8 | L95: =集贸价格明细!K1979 -> 0 | M95: =集贸价格明细!M1979 -> -1.2 | N95: =集贸价格明细!K1980 -> 0.3 | O95: =集贸价格明细!M1980 -> 1.6 | P95: =集贸价格明细!K1981 -> -0.6 | Q95: =集贸价格明细!M1981 -> 5.6
A96: 45531 | B96: 8月第4周 | C96: =集贸价格明细!H1997 -> 11.38 | D96: =集贸价格明细!H1998 -> 10.72 | E96: =集贸价格明细!H1999 -> 23.87 | F96: =集贸价格明细!H2000 -> 3.84 | G96: =集贸价格明细!H2001 -> 3.58 | H96: =集贸价格明细!K1997 -> 1.7 | I96: =集贸价格明细!M1997 -> -5.8 | J96: =集贸价格明细!K1998 -> 3.4 | K96: =集贸价格明细!M1998 -> -5.6 | L96: =集贸价格明细!K1999 -> 0 | M96: =集贸价格明细!M1999 -> -0.8 | N96: =集贸价格明细!K2000 -> 0.3 | O96: =集贸价格明细!M2000 -> 1.9 | P96: =集贸价格明细!K2001 -> 0 | Q96: =集贸价格明细!M2001 -> 4.1
A97: 45524 | B97: 8月第3周 | C97: =集贸价格明细!H2017 -> 11.19 | D97: =集贸价格明细!H2018 -> 10.37 | E97: =集贸价格明细!H2019 -> 23.87 | F97: =集贸价格明细!H2020 -> 3.83 | G97: =集贸价格明细!H2021 -> 3.58 | H97: =集贸价格明细!K2017 -> 2.4 | I97: =集贸价格明细!M2017 -> -5.9 | J97: =集贸价格明细!K2018 -> 4.2 | K97: =集贸价格明细!M2018 -> -6.5 | L97: =集贸价格明细!K2019 -> 0.4 | M97: =集贸价格明细!M2019 -> -0.7 | N97: =集贸价格明细!K2020 -> 0.3 | O97: =集贸价格明细!M2020 -> 1.9 | P97: =集贸价格明细!K2021 -> 0 | Q97: =集贸价格明细!M2021 -> 0.6
A98: 45517 | B98: 8月第2周 | C98: =集贸价格明细!H2037 -> 10.93 | D98: =集贸价格明细!H2038 -> 9.95 | E98: =集贸价格明细!H2039 -> 23.78 | F98: =集贸价格明细!H2040 -> 3.82 | G98: =集贸价格明细!H2041 -> 3.58 | H98: =集贸价格明细!K2037 -> 1.5 | I98: =集贸价格明细!M2037 -> -5.9 | J98: =集贸价格明细!K2038 -> 2.5 | K98: =集贸价格明细!M2038 -> -7.1 | L98: =集贸价格明细!K2039 -> 0.4 | M98: =集贸价格明细!M2039 -> -0.9 | N98: =集贸价格明细!K2040 -> 0.3 | O98: =集贸价格明细!M2040 -> 2.4 | P98: =集贸价格明细!K2041 -> 0.8 | Q98: =集贸价格明细!M2041 -> 0
A99: 45509 | B99: 8月第1周 | C99: =集贸价格明细!H2057 -> 10.77 | D99: =集贸价格明细!H2058 -> 9.71 | E99: =集贸价格明细!H2059 -> 23.69 | F99: =集贸价格明细!H2060 -> 3.81 | G99: =集贸价格明细!H2061 -> 3.55 | H99: =集贸价格明细!K2057 -> -0.6 | I99: =集贸价格明细!M2057 -> -4.4 | J99: =集贸价格明细!K2058 -> -1.6 | K99: =集贸价格明细!M2058 -> -5.1 | L99: =集贸价格明细!K2059 -> 0.1 | M99: =集贸价格明细!M2059 -> -0.3 | N99: =集贸价格明细!K2060 -> 0.3 | O99: =集贸价格明细!M2060 -> 3 | P99: =集贸价格明细!K2061 -> 0.9 | Q99: =集贸价格明细!M2061 -> 3.5
A100: 45503 | B100: 7月第4周 | C100: =集贸价格明细!H2077 -> 10.83 | D100: =集贸价格明细!H2078 -> 9.87 | E100: =集贸价格明细!H2079 -> 23.67 | F100: =集贸价格明细!H2080 -> 3.8 | G100: =集贸价格明细!H2081 -> 3.52 | H100: =集贸价格明细!K2077 -> 0.7 | I100: =集贸价格明细!M2077 -> -1.3 | J100: =集贸价格明细!K2078 -> 0 | K100: =集贸价格明细!M2078 -> 0.5 | L100: =集贸价格明细!K2079 -> 0.2 | M100: =集贸价格明细!M2079 -> 0.2 | N100: =集贸价格明细!K2080 -> 0.3 | O100: =集贸价格明细!M2080 -> 4.1 | P100: =集贸价格明细!K2081 -> 1.1 | Q100: =集贸价格明细!M2081 -> 6.3
...

Sheet 牛羊产品价格
C1: 指标价格
A2: 时间 | B2: 周期 | C2: 牛肉价格（元/kg） | D2: 牛肉(主产省份)价格（元/kg） | E2: 活牛(主产省份)价格（元/kg） | F2: 羊肉价格（元/kg） | G2: 羊肉(主产省份)价格（元/kg） | H2: 活羊(主产省份)价格（元/kg） | I2: 牛肉环比 | J2: 牛肉同比 | K2: 牛肉(主产省份)环比 | L2: 牛肉(主产省份)同比 | M2: 活牛(主产省份)环比 | N2: 活牛(主产省份)同比 | O2: 羊肉环比 | P2: 羊肉同比 | Q2: 羊肉(主产省份)环比 | R2: 羊肉(主产省份)同比 | S2: 活羊(主产省份)环比 | T2: 活羊(主产省份)同比
A3: 46183 | B3: 6月第1周 | C3: =集贸价格明细!H10 -> 73.39 | D3: =集贸价格明细!H11 -> 67.78 | E3: =集贸价格明细!H12 -> 28.26 | F3: =集贸价格明细!H13 -> 72.66 | G3: =集贸价格明细!H14 -> 71.1 | H3: =集贸价格明细!H15 -> 30.81 | I3: =集贸价格明细!K10 -> 0.1 | J3: =集贸价格明细!M10 -> 5 | K3: =集贸价格明细!K11 -> -0.1 | L3: =集贸价格明细!M11 -> 0 | M3: =集贸价格明细!K12 -> 0 | N3: =集贸价格明细!M12 -> 5.5 | O3: =集贸价格明细!K13 -> 0 | P3: =集贸价格明细!M13 -> 4.7 | Q3: =集贸价格明细!K14 -> 0 | R3: =集贸价格明细!M14 -> 0 | S3: =集贸价格明细!K15 -> -0.1 | T3: =集贸价格明细!M15 -> 6.1
A4: 46176 | B4: 5月第4周 | C4: =集贸价格明细!H32 -> 73.34 | D4: =集贸价格明细!H33 -> 67.84 | E4: =集贸价格明细!H34 -> 28.33 | F4: =集贸价格明细!H35 -> 72.64 | G4: =集贸价格明细!H36 -> 71.09 | H4: =集贸价格明细!H37 -> 30.84 | I4: =集贸价格明细!K32 -> 0.1 | J4: =集贸价格明细!M32 -> 5 | K4: =集贸价格明细!K33 -> 0.1 | L4: =集贸价格明细!M33 -> 0 | M4: =集贸价格明细!K34 -> 0 | N4: =集贸价格明细!M34 -> 5.6 | O4: =集贸价格明细!K35 -> 0.1 | P4: =集贸价格明细!M35 -> 4.6 | Q4: =集贸价格明细!K36 -> 0.1 | R4: =集贸价格明细!M36 -> 0 | S4: =集贸价格明细!K37 -> 0.1 | T4: =集贸价格明细!M37 -> 5.7
A5: 46168 | B5: 5月第3周 | C5: =集贸价格明细!H54 -> 73.28 | D5: =集贸价格明细!H55 -> 67.79 | E5: =集贸价格明细!H56 -> 28.29 | F5: =集贸价格明细!H57 -> 72.6 | G5: =集贸价格明细!H58 -> 70.99 | H5: =集贸价格明细!H59 -> 30.82 | I5: =集贸价格明细!K54 -> 0.1 | J5: =集贸价格明细!M54 -> 4.9 | K5: =集贸价格明细!K55 -> 0.1 | L5: =集贸价格明细!M55 -> 0 | M5: =集贸价格明细!K56 -> 0 | N5: =集贸价格明细!M56 -> 5.2 | O5: =集贸价格明细!K57 -> 0.1 | P5: =集贸价格明细!M57 -> 4.4 | Q5: =集贸价格明细!K58 -> -0.1 | R5: =集贸价格明细!M58 -> 0 | S5: =集贸价格明细!K59 -> -0.1 | T5: =集贸价格明细!M59 -> 5.2
A6: 46162 | B6: 5月第2周 | C6: =集贸价格明细!H76 -> 73.24 | D6: =集贸价格明细!H77 -> 67.73 | E6: =集贸价格明细!H78 -> 28.28 | F6: =集贸价格明细!H79 -> 72.53 | G6: =集贸价格明细!H80 -> 71.03 | H6: =集贸价格明细!H81 -> 30.84 | I6: =集贸价格明细!K76 -> 0.2 | J6: =集贸价格明细!M76 -> 4.9 | K6: =集贸价格明细!K77 -> 0.1 | L6: =集贸价格明细!M77 -> 0 | M6: =集贸价格明细!K78 -> 0.4 | N6: =集贸价格明细!M78 -> 4.9 | O6: =集贸价格明细!K79 -> -0.1 | P6: =集贸价格明细!M79 -> 4.4 | Q6: =集贸价格明细!K80 -> -0.1 | R6: =集贸价格明细!M80 -> 0 | S6: =集贸价格明细!K81 -> 0 | T6: =集贸价格明细!M81 -> 5
A7: 46156 | B7: 5月第1周 | C7: =集贸价格明细!H98 -> 73.09 | D7: =集贸价格明细!H99 -> 67.69 | E7: =集贸价格明细!H100 -> 28.16 | F7: =集贸价格明细!H101 -> 72.58 | G7: =集贸价格明细!H102 -> 71.07 | H7: =集贸价格明细!H103 -> 30.83 | I7: =集贸价格明细!K98 -> 0.4 | J7: =集贸价格明细!M98 -> 4.7 | K7: =集贸价格明细!K99 -> 0.6 | L7: =集贸价格明细!M99 -> 0 | M7: =集贸价格明细!K100 -> 0.9 | N7: =集贸价格明细!M100 -> 4.6 | O7: =集贸价格明细!K101 -> 0 | P7: =集贸价格明细!M101 -> 4.3 | Q7: =集贸价格明细!K102 -> 0.1 | R7: =集贸价格明细!M102 -> 0 | S7: =集贸价格明细!K103 -> 0.6 | T7: =集贸价格明细!M103 -> 4.8
A8: 46151 | B8: 4月第5周 | C8: =集贸价格明细!H120 -> 72.82 | D8: =集贸价格明细!H121 -> 67.28 | E8: =集贸价格明细!H122 -> 27.92 | F8: =集贸价格明细!H123 -> 72.56 | G8: =集贸价格明细!H124 -> 71.01 | H8: =集贸价格明细!H125 -> 30.66 | I8: =集贸价格明细!K120 -> 0.2 | J8: =集贸价格明细!M120 -> 4.7 | K8: =集贸价格明细!K121 -> 0.1 | L8: =集贸价格明细!M121 -> 0 | M8: =集贸价格明细!K122 -> 0.4 | N8: =集贸价格明细!M122 -> 3.6 | O8: =集贸价格明细!K123 -> 0 | P8: =集贸价格明细!M123 -> 4.2 | Q8: =集贸价格明细!K124 -> 0 | R8: =集贸价格明细!M124 -> 0 | S8: =集贸价格明细!K125 -> 0 | T8: =集贸价格明细!M125 -> 4.4
A9: 46151 | B9: 4月第4周 | C9: =集贸价格明细!H142 -> 72.67 | D9: =集贸价格明细!H143 -> 67.23 | E9: =集贸价格明细!H144 -> 27.82 | F9: =集贸价格明细!H145 -> 72.53 | G9: =集贸价格明细!H146 -> 71.01 | H9: =集贸价格明细!H147 -> 30.66 | I9: =集贸价格明细!K142 -> 0.3 | J9: =集贸价格明细!M142 -> 5.3 | K9: =集贸价格明细!K143 -> 0.4 | L9: =集贸价格明细!M143 -> 0 | M9: =集贸价格明细!K144 -> 0.6 | N9: =集贸价格明细!M144 -> 3.7 | O9: =集贸价格明细!K145 -> 0 | P9: =集贸价格明细!M145 -> 4.4 | Q9: =集贸价格明细!K146 -> 0 | R9: =集贸价格明细!M146 -> 0 | S9: =集贸价格明细!K147 -> 0 | T9: =集贸价格明细!M147 -> 4.8
A10: 46134 | B10: 4月第3周 | C10: =集贸价格明细!H164 -> 72.44 | D10: =集贸价格明细!H165 -> 66.93 | E10: =集贸价格明细!H166 -> 27.66 | F10: =集贸价格明细!H167 -> 72.56 | G10: =集贸价格明细!H168 -> 70.98 | H10: =集贸价格明细!H169 -> 30.67 | I10: =集贸价格明细!K164 -> 0.2 | J10: =集贸价格明细!M164 -> 5.7 | K10: =集贸价格明细!K165 -> 0.4 | L10: =集贸价格明细!M165 -> 0 | M10: =集贸价格明细!K166 -> 0.6 | N10: =集贸价格明细!M166 -> 4.2 | O10: =集贸价格明细!K167 -> 0 | P10: =集贸价格明细!M167 -> 4.6 | Q10: =集贸价格明细!K168 -> 0.3 | R10: =集贸价格明细!M168 -> 0 | S10: =集贸价格明细!K169 -> 0.4 | T10: =集贸价格明细!M169 -> 5.4
A11: 46127 | B11: 4月第2周 | C11: =集贸价格明细!H186 -> 72.29 | D11: =集贸价格明细!H187 -> 66.65 | E11: =集贸价格明细!H188 -> 27.49 | F11: =集贸价格明细!H189 -> 72.57 | G11: =集贸价格明细!H190 -> 70.78 | H11: =集贸价格明细!H191 -> 30.55 | I11: =集贸价格明细!K186 -> 0.3 | J11: =集贸价格明细!M186 -> 6.4 | K11: =集贸价格明细!K187 -> 0.4 | L11: =集贸价格明细!M187 -> 0 | M11: =集贸价格明细!K188 -> 0.7 | N11: =集贸价格明细!M188 -> 5.2 | O11: =集贸价格明细!K189 -> -0.1 | P11: =集贸价格明细!M189 -> 4.6 | Q11: =集贸价格明细!K190 -> 0.3 | R11: =集贸价格明细!M190 -> 0 | S11: =集贸价格明细!K191 -> 0.1 | T11: =集贸价格明细!M191 -> 5.3
A12: 46120 | B12: 4月第1周 | C12: =集贸价格明细!H208 -> 72.07 | D12: =集贸价格明细!H209 -> 66.36 | E12: =集贸价格明细!H210 -> 27.3 | F12: =集贸价格明细!H211 -> 72.61 | G12: =集贸价格明细!H212 -> 70.6 | H12: =集贸价格明细!H213 -> 30.53 | I12: =集贸价格明细!K208 -> 0.1 | J12: =集贸价格明细!M208 -> 7.2 | K12: =集贸价格明细!K209 -> 0.3 | L12: =集贸价格明细!M209 -> 0 | M12: =集贸价格明细!K210 -> 0.5 | N12: =集贸价格明细!M210 -> 6.1 | O12: =集贸价格明细!K211 -> -0.1 | P12: =集贸价格明细!M211 -> 4.7 | Q12: =集贸价格明细!K212 -> 0.1 | R12: =集贸价格明细!M212 -> 0 | S12: =集贸价格明细!K213 -> 0.2 | T12: =集贸价格明细!M213 -> 5.1
A13: 46111 | B13: 3月第4周 | C13: =集贸价格明细!H230 -> 72 | D13: =集贸价格明细!H231 -> 66.13 | E13: =集贸价格明细!H232 -> 27.17 | F13: =集贸价格明细!H233 -> 72.66 | G13: =集贸价格明细!H234 -> 70.54 | H13: =集贸价格明细!H235 -> 30.48 | I13: =集贸价格明细!K230 -> 0 | J13: =集贸价格明细!M230 -> 8.5 | K13: =集贸价格明细!K231 -> 0 | L13: =集贸价格明细!M231 -> 0 | M13: =集贸价格明细!K232 -> 0.3 | N13: =集贸价格明细!M232 -> 8.4 | O13: =集贸价格明细!K233 -> -0.3 | P13: =集贸价格明细!M233 -> 4.8 | Q13: =集贸价格明细!K234 -> -0.2 | R13: =集贸价格明细!M234 -> 0 | S13: =集贸价格明细!K235 -> -0.4 | T13: =集贸价格明细!M235 -> 5
A14: 46106 | B14: 3月第3周 | C14: =集贸价格明细!H252 -> 72 | D14: =集贸价格明细!H253 -> 66.12 | E14: =集贸价格明细!H254 -> 27.08 | F14: =集贸价格明细!H255 -> 72.85 | G14: =集贸价格明细!H256 -> 70.67 | H14: =集贸价格明细!H257 -> 30.61 | I14: =集贸价格明细!K252 -> -0.2 | J14: =集贸价格明细!M252 -> 9.7 | K14: =集贸价格明细!K253 -> 0.1 | L14: =集贸价格明细!M253 -> 0 | M14: =集贸价格明细!K254 -> 0.3 | N14: =集贸价格明细!M254 -> 12.5 | O14: =集贸价格明细!K255 -> -0.4 | P14: =集贸价格明细!M255 -> 5 | Q14: =集贸价格明细!K256 -> -0.4 | R14: =集贸价格明细!M256 -> 0 | S14: =集贸价格明细!K257 -> -0.5 | T14: =集贸价格明细!M257 -> 5.6
A15: 46099 | B15: 3月第2周 | C15: =集贸价格明细!H274 -> 72.16 | D15: =集贸价格明细!H275 -> 66.05 | E15: =集贸价格明细!H276 -> 27.01 | F15: =集贸价格明细!H277 -> 73.11 | G15: =集贸价格明细!H278 -> 70.94 | H15: =集贸价格明细!H279 -> 30.76 | I15: =集贸价格明细!K274 -> -0.3 | J15: =集贸价格明细!M274 -> 10.5 | K15: =集贸价格明细!K275 -> 0 | L15: =集贸价格明细!M275 -> 0 | M15: =集贸价格明细!K276 -> 0.3 | N15: =集贸价格明细!M276 -> 14.8 | O15: =集贸价格明细!K277 -> -0.6 | P15: =集贸价格明细!M277 -> 5.3 | Q15: =集贸价格明细!K278 -> -0.4 | R15: =集贸价格明细!M278 -> 0 | S15: =集贸价格明细!K279 -> 0 | T15: =集贸价格明细!M279 -> 6.5
A16: 46091 | B16: 3月第1周 | C16: =集贸价格明细!H296 -> 72.41 | D16: =集贸价格明细!H297 -> 66.06 | E16: =集贸价格明细!H298 -> 26.92 | F16: =集贸价格明细!H299 -> 73.56 | G16: =集贸价格明细!H300 -> 71.2 | H16: =集贸价格明细!H301 -> 30.88 | I16: =集贸价格明细!K296 -> -0.4 | J16: =集贸价格明细!M296 -> 11.1 | K16: =集贸价格明细!K297 -> -0.2 | L16: =集贸价格明细!M297 -> 0 | M16: =集贸价格明细!K298 -> -0.3 | N16: =集贸价格明细!M298 -> 16 | O16: =集贸价格明细!K299 -> -0.4 | P16: =集贸价格明细!M299 -> 5.8 | Q16: =集贸价格明细!K300 -> -0.4 | R16: =集贸价格明细!M300 -> 0 | S16: =集贸价格明细!K301 -> 0 | T16: =集贸价格明细!M301 -> 7.1
A17: 46084 | B17: 2月第4周 | C17: =集贸价格明细!H318 -> 72.69 | D17: =集贸价格明细!H319 -> 66.16 | E17: =集贸价格明细!H320 -> 26.99 | F17: =集贸价格明细!H321 -> 73.84 | G17: =集贸价格明细!H322 -> 71.49 | H17: =集贸价格明细!H323 -> 31.12 | I17: =集贸价格明细!K318 -> -0.2 | J17: =集贸价格明细!M318 -> 11.8 | K17: =集贸价格明细!K319 -> -0.2 | L17: =集贸价格明细!M319 -> 0 | M17: =集贸价格明细!K320 -> 0 | N17: =集贸价格明细!M320 -> 18.5 | O17: =集贸价格明细!K321 -> -0.2 | P17: =集贸价格明细!M321 -> 5.9 | Q17: =集贸价格明细!K322 -> -0.2 | R17: =集贸价格明细!M322 -> 0 | S17: =集贸价格明细!K323 -> 0 | T17: =集贸价格明细!M323 -> 8.3
A18: 46083 | B18: 2月第3周 | C18: =集贸价格明细!H340 -> 72.84 | D18: =集贸价格明细!H341 -> 66.26 | E18: =集贸价格明细!H342 -> 26.99 | F18: =集贸价格明细!H343 -> 73.99 | G18: =集贸价格明细!H344 -> 71.6 | H18: =集贸价格明细!H345 -> 31.17 | I18: =集贸价格明细!K340 -> 0.3 | J18: =集贸价格明细!M340 -> 11.8 | K18: =集贸价格明细!K341 -> -0.3 | L18: =集贸价格明细!M341 -> 0 | M18: =集贸价格明细!K342 -> -0.1 | N18: =集贸价格明细!M342 -> 19.6 | O18: =集贸价格明细!K343 -> 0.3 | P18: =集贸价格明细!M343 -> 5.8 | Q18: =集贸价格明细!K344 -> 0 | R18: =集贸价格明细!M344 -> 0 | S18: =集贸价格明细!K345 -> 0 | T18: =集贸价格明细!M345 -> 8.3
A19: 46079 | B19: 2月第2周 | C19: =集贸价格明细!H362 -> 72.65 | D19: =集贸价格明细!H363 -> 66.44 | E19: =集贸价格明细!H364 -> 27.02 | F19: =集贸价格明细!H365 -> 73.74 | G19: =集贸价格明细!H366 -> 71.6 | H19: =集贸价格明细!H367 -> 31.17 | I19: =集贸价格明细!K362 -> 0.5 | J19: =集贸价格明细!M362 -> 11 | K19: =集贸价格明细!K363 -> 0.3 | L19: =集贸价格明细!M363 -> 0 | M19: =集贸价格明细!K364 -> 0.1 | N19: =集贸价格明细!M364 -> 20.4 | O19: =集贸价格明细!K365 -> 0.8 | P19: =集贸价格明细!M365 -> 4.9 | Q19: =集贸价格明细!K366 -> 0.7 | R19: =集贸价格明细!M366 -> 0 | S19: =集贸价格明细!K367 -> 0.5 | T19: =集贸价格明细!M367 -> 8
A20: 46063 | B20: 2月第1周 | C20: =集贸价格明细!H384 -> 72.26 | D20: =集贸价格明细!H385 -> 66.22 | E20: =集贸价格明细!H386 -> 26.98 | F20: =集贸价格明细!H387 -> 73.17 | G20: =集贸价格明细!H388 -> 71.09 | H20: =集贸价格明细!H389 -> 31 | I20: =集贸价格明细!K384 -> 0.4 | J20: =集贸价格明细!M384 -> 10.1 | K20: =集贸价格明细!K385 -> 0.6 | L20: =集贸价格明细!M385 -> 0 | M20: =集贸价格明细!K386 -> 0.6 | N20: =集贸价格明细!M386 -> 21.3 | O20: =集贸价格明细!K387 -> 0.5 | P20: =集贸价格明细!M387 -> 3.7 | Q20: =集贸价格明细!K388 -> 0.7 | R20: =集贸价格明细!M388 -> 0 | S20: =集贸价格明细!K389 -> 0.7 | T20: =集贸价格明细!M389 -> 7
A21: 46057 | B21: 1月第5周 | C21: =集贸价格明细!H406 -> 71.99 | D21: =集贸价格明细!H407 -> 65.81 | E21: =集贸价格明细!H408 -> 26.82 | F21: =集贸价格明细!H409 -> 72.78 | G21: =集贸价格明细!H410 -> 70.58 | H21: =集贸价格明细!H411 -> 30.78 | I21: =集贸价格明细!K406 -> 0.3 | J21: =集贸价格明细!M406 -> 9.4 | K21: =集贸价格明细!K407 -> 0.2 | L21: =集贸价格明细!M407 -> 0 | M21: =集贸价格明细!K408 -> 0.4 | N21: =集贸价格明细!M408 -> 20.5 | O21: =集贸价格明细!K409 -> 0.5 | P21: =集贸价格明细!M409 -> 2.9 | Q21: =集贸价格明细!K410 -> 0.5 | R21: =集贸价格明细!M410 -> 0 | S21: =集贸价格明细!K411 -> 0.6 | T21: =集贸价格明细!M411 -> 5.9
A22: 46049 | B22: 1月第4周 | C22: =集贸价格明细!H428 -> 71.77 | D22: =集贸价格明细!H429 -> 65.66 | E22: =集贸价格明细!H430 -> 26.72 | F22: =集贸价格明细!H431 -> 72.43 | G22: =集贸价格明细!H432 -> 70.23 | H22: =集贸价格明细!H433 -> 30.61 | I22: =集贸价格明细!K428 -> 0.3 | J22: =集贸价格明细!M428 -> 9.7 | K22: =集贸价格明细!K429 -> 0.3 | L22: =集贸价格明细!M429 -> 0 | M22: =集贸价格明细!K430 -> 0.4 | N22: =集贸价格明细!M430 -> 20 | O22: =集贸价格明细!K431 -> 0.4 | P22: =集贸价格明细!M431 -> 3.1 | Q22: =集贸价格明细!K432 -> 0.4 | R22: =集贸价格明细!M432 -> 0 | S22: =集贸价格明细!K433 -> 0.4 | T22: =集贸价格明细!M433 -> 5.7
A23: 46045 | B23: 1月第3周 | C23: =集贸价格明细!H450 -> 71.57 | D23: =集贸价格明细!H451 -> 65.47 | E23: =集贸价格明细!H452 -> 26.61 | F23: =集贸价格明细!H453 -> 72.12 | G23: =集贸价格明细!H454 -> 69.92 | H23: =集贸价格明细!H455 -> 30.48 | I23: =集贸价格明细!K450 -> 0.2 | J23: =集贸价格明细!M450 -> 9.1 | K23: =集贸价格明细!K451 -> 0.3 | L23: =集贸价格明细!M451 -> 0 | M23: =集贸价格明细!K452 -> 0.2 | N23: =集贸价格明细!M452 -> 18.4 | O23: =集贸价格明细!K453 -> 0.3 | P23: =集贸价格明细!M453 -> 3.1 | Q23: =集贸价格明细!K454 -> 0.4 | R23: =集贸价格明细!M454 -> 0 | S23: =集贸价格明细!K455 -> 0.5 | T23: =集贸价格明细!M455 -> 5.3
A24: 46035 | B24: 1月第2周 | C24: =集贸价格明细!H472 -> 71.45 | D24: =集贸价格明细!H473 -> 65.28 | E24: =集贸价格明细!H474 -> 26.56 | F24: =集贸价格明细!H475 -> 71.94 | G24: =集贸价格明细!H476 -> 69.65 | H24: =集贸价格明细!H477 -> 30.34 | I24: =集贸价格明细!K472 -> 0.1 | J24: =集贸价格明细!M472 -> 8.7 | K24: =集贸价格明细!K473 -> 0 | L24: =集贸价格明细!M473 -> 0 | M24: =集贸价格明细!K474 -> 0.2 | N24: =集贸价格明细!M474 -> 17.6 | O24: =集贸价格明细!K475 -> 0.1 | P24: =集贸价格明细!M475 -> 3 | Q24: =集贸价格明细!K476 -> 0.1 | R24: =集贸价格明细!M476 -> 0 | S24: =集贸价格明细!K477 -> 0.3 | T24: =集贸价格明细!M477 -> 4.7
A25: 46027 | B25: 1月第1周 | C25: =集贸价格明细!H494 -> 71.4 | D25: =集贸价格明细!H495 -> 65.28 | E25: =集贸价格明细!H496 -> 26.52 | F25: =集贸价格明细!H497 -> 71.9 | G25: =集贸价格明细!H498 -> 69.61 | H25: =集贸价格明细!H499 -> 30.26 | I25: =集贸价格明细!K494 -> 0.1 | J25: =集贸价格明细!M494 -> 8.3 | K25: =集贸价格明细!K495 -> 0.2 | L25: =集贸价格明细!M495 -> 0 | M25: =集贸价格明细!K496 -> -0.1 | N25: =集贸价格明细!M496 -> 16.8 | O25: =集贸价格明细!K497 -> 0.2 | P25: =集贸价格明细!M497 -> 2.9 | Q25: =集贸价格明细!K498 -> 0.2 | R25: =集贸价格明细!M498 -> 0 | S25: =集贸价格明细!K499 -> 0.4 | T25: =集贸价格明细!M499 -> 4.3
A26: 46021 | B26: 12月第4周 | C26: =集贸价格明细!H516 -> 71.33 | D26: =集贸价格明细!H517 -> 65.18 | E26: =集贸价格明细!H518 -> 26.54 | F26: =集贸价格明细!H519 -> 71.74 | G26: =集贸价格明细!H520 -> 69.46 | H26: =集贸价格明细!H521 -> 30.14 | I26: =集贸价格明细!K516 -> 0 | J26: =集贸价格明细!M516 -> 7.9 | K26: =集贸价格明细!K517 -> 0.1 | L26: =集贸价格明细!M517 -> 0 | M26: =集贸价格明细!K518 -> 0.1 | N26: =集贸价格明细!M518 -> 16.2 | O26: =集贸价格明细!K519 -> 0.1 | P26: =集贸价格明细!M519 -> 2.6 | Q26: =集贸价格明细!K520 -> 0.1 | R26: =集贸价格明细!M520 -> 0 | S26: =集贸价格明细!K521 -> 0.1 | T26: =集贸价格明细!M521 -> 3.7
A27: 46014 | B27: 12月第3周 | C27: =集贸价格明细!H538 -> 71.3 | D27: =集贸价格明细!H539 -> 65.12 | E27: =集贸价格明细!H540 -> 26.52 | F27: =集贸价格明细!H541 -> 71.68 | G27: =集贸价格明细!H542 -> 69.39 | H27: =集贸价格明细!H543 -> 30.1 | I27: =集贸价格明细!K538 -> 0 | J27: =集贸价格明细!M538 -> 7.6 | K27: =集贸价格明细!K539 -> 0 | L27: =集贸价格明细!M539 -> 0 | M27: =集贸价格明细!K540 -> 0 | N27: =集贸价格明细!M540 -> 15.6 | O27: =集贸价格明细!K541 -> 0.1 | P27: =集贸价格明细!M541 -> 2.5 | Q27: =集贸价格明细!K542 -> 0.2 | R27: =集贸价格明细!M542 -> 0 | S27: =集贸价格明细!K543 -> 0 | T27: =集贸价格明细!M543 -> 3.6
A28: 46008 | B28: 12月第2周 | C28: =集贸价格明细!H560 -> 71.33 | D28: =集贸价格明细!H561 -> 65.14 | E28: =集贸价格明细!H562 -> 26.51 | F28: =集贸价格明细!H563 -> 71.59 | G28: =集贸价格明细!H564 -> 69.23 | H28: =集贸价格明细!H565 -> 30.09 | I28: =集贸价格明细!K560 -> 0 | J28: =集贸价格明细!M560 -> 7.3 | K28: =集贸价格明细!K561 -> -0.1 | L28: =集贸价格明细!M561 -> 0 | M28: =集贸价格明细!K562 -> -0.1 | N28: =集贸价格明细!M562 -> 15 | O28: =集贸价格明细!K563 -> 0.1 | P28: =集贸价格明细!M563 -> 2.4 | Q28: =集贸价格明细!K564 -> 0.1 | R28: =集贸价格明细!M564 -> 0 | S28: =集贸价格明细!K565 -> 0.3 | T28: =集贸价格明细!M565 -> 3.7
A29: 46000 | B29: 12月第1周 | C29: =集贸价格明细!H582 -> 71.32 | D29: =集贸价格明细!H583 -> 65.2 | E29: =集贸价格明细!H584 -> 26.53 | F29: =集贸价格明细!H585 -> 71.51 | G29: =集贸价格明细!H586 -> 69.13 | H29: =集贸价格明细!H587 -> 30.01 | I29: =集贸价格明细!K582 -> 0 | J29: =集贸价格明细!M582 -> 7.1 | K29: =集贸价格明细!K583 -> 0 | L29: =集贸价格明细!M583 -> 0 | M29: =集贸价格明细!K584 -> -0.3 | N29: =集贸价格明细!M584 -> 15 | O29: =集贸价格明细!K585 -> 0.2 | P29: =集贸价格明细!M585 -> 2.3 | Q29: =集贸价格明细!K586 -> 0.2 | R29: =集贸价格明细!M586 -> 0 | S29: =集贸价格明细!K587 -> 0.3 | T29: =集贸价格明细!M587 -> 3.5
A30: 45992 | B30: 11月第4周 | C30: =集贸价格明细!H604 -> 71.3 | D30: =集贸价格明细!H605 -> 65.2 | E30: =集贸价格明细!H606 -> 26.6 | F30: =集贸价格明细!H607 -> 71.37 | G30: =集贸价格明细!H608 -> 68.99 | H30: =集贸价格明细!H609 -> 29.91 | I30: =集贸价格明细!K604 -> -0.1 | J30: =集贸价格明细!M604 -> 6.8 | K30: =集贸价格明细!K605 -> 0 | L30: =集贸价格明细!M605 -> 0 | M30: =集贸价格明细!K606 -> -0.3 | N30: =集贸价格明细!M606 -> 14.8 | O30: =集贸价格明细!K607 -> 0.1 | P30: =集贸价格明细!M607 -> 1.9 | Q30: =集贸价格明细!K608 -> 0.2 | R30: =集贸价格明细!M608 -> 0 | S30: =集贸价格明细!K609 -> 0.2 | T30: =集贸价格明细!M609 -> 3.5
A31: 45985 | B31: 11月第3周 | C31: =集贸价格明细!H626 -> 71.37 | D31: =集贸价格明细!H627 -> 65.22 | E31: =集贸价格明细!H628 -> 26.68 | F31: =集贸价格明细!H629 -> 71.32 | G31: =集贸价格明细!H630 -> 68.88 | H31: =集贸价格明细!H631 -> 29.86 | I31: =集贸价格明细!K626 -> 0 | J31: =集贸价格明细!M626 -> 6.7 | K31: =集贸价格明细!K627 -> -0.2 | L31: =集贸价格明细!M627 -> 0 | M31: =集贸价格明细!K628 -> -0.3 | N31: =集贸价格明细!M628 -> 14.7 | O31: =集贸价格明细!K629 -> 0.3 | P31: =集贸价格明细!M629 -> 2 | Q31: =集贸价格明细!K630 -> 0.2 | R31: =集贸价格明细!M630 -> 0 | S31: =集贸价格明细!K631 -> 0.3 | T31: =集贸价格明细!M631 -> 3.6
A32: 45979 | B32: 11月第2周 | C32: =集贸价格明细!H648 -> 71.37 | D32: =集贸价格明细!H649 -> 65.33 | E32: =集贸价格明细!H650 -> 26.75 | F32: =集贸价格明细!H651 -> 71.11 | G32: =集贸价格明细!H652 -> 68.71 | H32: =集贸价格明细!H653 -> 29.78 | I32: =集贸价格明细!K648 -> -0.1 | J32: =集贸价格明细!M648 -> 6.6 | K32: =集贸价格明细!K649 -> -0.2 | L32: =集贸价格明细!M649 -> 0 | M32: =集贸价格明细!K650 -> -0.4 | N32: =集贸价格明细!M650 -> 14.4 | O32: =集贸价格明细!K651 -> 0.2 | P32: =集贸价格明细!M651 -> 1.8 | Q32: =集贸价格明细!K652 -> 0.3 | R32: =集贸价格明细!M652 -> 0 | S32: =集贸价格明细!K653 -> 0.3 | T32: =集贸价格明细!M653 -> 3.2
A33: 45972 | B33: 11月第1周 | C33: =集贸价格明细!H670 -> 71.46 | D33: =集贸价格明细!H671 -> 65.45 | E33: =集贸价格明细!H672 -> 26.86 | F33: =集贸价格明细!H673 -> 70.98 | G33: =集贸价格明细!H674 -> 68.52 | H33: =集贸价格明细!H675 -> 29.69 | I33: =集贸价格明细!K670 -> 0.2 | J33: =集贸价格明细!M670 -> 6.5 | K33: =集贸价格明细!K671 -> 0 | L33: =集贸价格明细!M671 -> 0 | M33: =集贸价格明细!K672 -> -0.3 | N33: =集贸价格明细!M672 -> 14.6 | O33: =集贸价格明细!K673 -> 0.3 | P33: =集贸价格明细!M673 -> 1.6 | Q33: =集贸价格明细!K674 -> 0.2 | R33: =集贸价格明细!M674 -> 0 | S33: =集贸价格明细!K675 -> 0.5 | T33: =集贸价格明细!M675 -> 2.9
A34: 45965 | B34: 10月第4周 | C34: =集贸价格明细!H692 -> 71.32 | D34: =集贸价格明细!H693 -> 65.45 | E34: =集贸价格明细!H694 -> 26.94 | F34: =集贸价格明细!H695 -> 70.78 | G34: =集贸价格明细!H696 -> 68.38 | H34: =集贸价格明细!H697 -> 29.55 | I34: =集贸价格明细!K692 -> 0.1 | J34: =集贸价格明细!M692 -> 6.1 | K34: =集贸价格明细!K693 -> 0.1 | L34: =集贸价格明细!M693 -> 0 | M34: =集贸价格明细!K694 -> -0.3 | N34: =集贸价格明细!M694 -> 14.8 | O34: =集贸价格明细!K695 -> 0.2 | P34: =集贸价格明细!M695 -> 1.2 | Q34: =集贸价格明细!K696 -> 0.3 | R34: =集贸价格明细!M696 -> 0 | S34: =集贸价格明细!K697 -> 0.2 | T34: =集贸价格明细!M697 -> 2.7
A35: 45959 | B35: 10月第3周 | C35: =集贸价格明细!H714 -> 71.27 | D35: =集贸价格明细!H715 -> 65.36 | E35: =集贸价格明细!H716 -> 27.01 | F35: =集贸价格明细!H717 -> 70.61 | G35: =集贸价格明细!H718 -> 68.16 | H35: =集贸价格明细!H719 -> 29.49 | I35: =集贸价格明细!K714 -> 0 | J35: =集贸价格明细!M714 -> 5.8 | K35: =集贸价格明细!K715 -> 0.1 | L35: =集贸价格明细!M715 -> 0 | M35: =集贸价格明细!K716 -> -0.3 | N35: =集贸价格明细!M716 -> 14.4 | O35: =集贸价格明细!K717 -> 0.2 | P35: =集贸价格明细!M717 -> 1 | Q35: =集贸价格明细!K718 -> 0.2 | R35: =集贸价格明细!M718 -> 0 | S35: =集贸价格明细!K719 -> 0.1 | T35: =集贸价格明细!M719 -> 2.6
A36: 45950 | B36: 10月第2周 | C36: =集贸价格明细!H736 -> 71.3 | D36: =集贸价格明细!H737 -> 65.3 | E36: =集贸价格明细!H738 -> 27.08 | F36: =集贸价格明细!H739 -> 70.47 | G36: =集贸价格明细!H740 -> 68.05 | H36: =集贸价格明细!H741 -> 29.45 | I36: =集贸价格明细!K736 -> 0 | J36: =集贸价格明细!M736 -> 5.6 | K36: =集贸价格明细!K737 -> -0.1 | L36: =集贸价格明细!M737 -> 0 | M36: =集贸价格明细!K738 -> -0.1 | N36: =集贸价格明细!M738 -> 14.3 | O36: =集贸价格明细!K739 -> -0.1 | P36: =集贸价格明细!M739 -> 0.7 | Q36: =集贸价格明细!K740 -> 0 | R36: =集贸价格明细!M740 -> 0 | S36: =集贸价格明细!K741 -> 0 | T36: =集贸价格明细!M741 -> 2.5
A37: 45943 | B37: 10月第1周 | C37: =集贸价格明细!H758 -> 71.33 | D37: =集贸价格明细!H759 -> 65.37 | E37: =集贸价格明细!H760 -> 27.11 | F37: =集贸价格明细!H761 -> 70.52 | G37: =集贸价格明细!H762 -> 68.07 | H37: =集贸价格明细!H763 -> 29.44 | I37: =集贸价格明细!K758 -> 0.1 | J37: =集贸价格明细!M758 -> 5.2 | K37: =集贸价格明细!K759 -> -0.1 | L37: =集贸价格明细!M759 -> 0 | M37: =集贸价格明细!K760 -> -0.2 | N37: =集贸价格明细!M760 -> 13.6 | O37: =集贸价格明细!K761 -> 0.6 | P37: =集贸价格明细!M761 -> 0.5 | Q37: =集贸价格明细!K762 -> 0.2 | R37: =集贸价格明细!M762 -> 0 | S37: =集贸价格明细!K763 -> 0.4 | T37: =集贸价格明细!M763 -> 2.6
A38: 45941 | B38: 9月第5周 | C38: =集贸价格明细!H780 -> 71.26 | D38: =集贸价格明细!H781 -> 65.46 | E38: =集贸价格明细!H782 -> 27.16 | F38: =集贸价格明细!H783 -> 70.13 | G38: =集贸价格明细!H784 -> 67.92 | H38: =集贸价格明细!H785 -> 29.33 | I38: =集贸价格明细!K780 -> 0.2 | J38: =集贸价格明细!M780 -> 5 | K38: =集贸价格明细!K781 -> 0.2 | L38: =集贸价格明细!M781 -> 0 | M38: =集贸价格明细!K782 -> 0.1 | N38: =集贸价格明细!M782 -> 13.6 | O38: =集贸价格明细!K783 -> 0.5 | P38: =集贸价格明细!M783 -> -0.1 | Q38: =集贸价格明细!K784 -> 0.5 | R38: =集贸价格明细!M784 -> 0 | S38: =集贸价格明细!K785 -> 0.4 | T38: =集贸价格明细!M785 -> 2.2
A39: 45929 | B39: 9月第4周 | C39: =集贸价格明细!H802 -> 71.11 | D39: =集贸价格明细!H803 -> 65.32 | E39: =集贸价格明细!H804 -> 27.14 | F39: =集贸价格明细!H805 -> 69.79 | G39: =集贸价格明细!H806 -> 67.58 | H39: =集贸价格明细!H807 -> 29.2 | I39: =集贸价格明细!K802 -> 0.3 | J39: =集贸价格明细!M802 -> 4.6 | K39: =集贸价格明细!K803 -> 0.3 | L39: =集贸价格明细!M803 -> 0 | M39: =集贸价格明细!K804 -> 0 | N39: =集贸价格明细!M804 -> 12.5 | O39: =集贸价格明细!K805 -> 0.4 | P39: =集贸价格明细!M805 -> -0.6 | Q39: =集贸价格明细!K806 -> 0.5 | R39: =集贸价格明细!M806 -> 0 | S39: =集贸价格明细!K807 -> 0.6 | T39: =集贸价格明细!M807 -> 1.5
A40: 45922 | B40: 9月第3周 | C40: =集贸价格明细!H824 -> 70.91 | D40: =集贸价格明细!H825 -> 65.1 | E40: =集贸价格明细!H826 -> 27.14 | F40: =集贸价格明细!H827 -> 69.53 | G40: =集贸价格明细!H828 -> 67.22 | H40: =集贸价格明细!H829 -> 29.04 | I40: =集贸价格明细!K824 -> 0.3 | J40: =集贸价格明细!M824 -> 3.8 | K40: =集贸价格明细!K825 -> 0.3 | L40: =集贸价格明细!M825 -> 0 | M40: =集贸价格明细!K826 -> -0.1 | N40: =集贸价格明细!M826 -> 11.3 | O40: =集贸价格明细!K827 -> 0.3 | P40: =集贸价格明细!M827 -> -1.2 | Q40: =集贸价格明细!K828 -> 0.4 | R40: =集贸价格明细!M828 -> 0 | S40: =集贸价格明细!K829 -> 0.3 | T40: =集贸价格明细!M829 -> 0.6
A41: 45915 | B41: 9月第2周 | C41: =集贸价格明细!H846 -> 70.67 | D41: =集贸价格明细!H847 -> 64.91 | E41: =集贸价格明细!H848 -> 27.16 | F41: =集贸价格明细!H849 -> 69.3 | G41: =集贸价格明细!H850 -> 66.96 | H41: =集贸价格明细!H851 -> 28.96 | I41: =集贸价格明细!K846 -> 0.2 | J41: =集贸价格明细!M846 -> 3.4 | K41: =集贸价格明细!K847 -> 0.1 | L41: =集贸价格明细!M847 -> 0 | M41: =集贸价格明细!K848 -> 0.1 | N41: =集贸价格明细!M848 -> 10.9 | O41: =集贸价格明细!K849 -> 0.1 | P41: =集贸价格明细!M849 -> -1.5 | Q41: =集贸价格明细!K850 -> 0.1 | R41: =集贸价格明细!M850 -> 0 | S41: =集贸价格明细!K851 -> 0.2 | T41: =集贸价格明细!M851 -> 0.4
A42: 45909 | B42: 9月第1周 | C42: =集贸价格明细!H868 -> 70.56 | D42: =集贸价格明细!H869 -> 64.85 | E42: =集贸价格明细!H870 -> 27.12 | F42: =集贸价格明细!H871 -> 69.22 | G42: =集贸价格明细!H872 -> 66.86 | H42: =集贸价格明细!H873 -> 28.9 | I42: =集贸价格明细!K868 -> 0.2 | J42: =集贸价格明细!M868 -> 3.3 | K42: =集贸价格明细!K869 -> 0.1 | L42: =集贸价格明细!M869 -> 0 | M42: =集贸价格明细!K870 -> 0.2 | N42: =集贸价格明细!M870 -> 10.6 | O42: =集贸价格明细!K871 -> 0.3 | P42: =集贸价格明细!M871 -> -1.5 | Q42: =集贸价格明细!K872 -> 0.2 | R42: =集贸价格明细!M872 -> 0 | S42: =集贸价格明细!K873 -> 0.5 | T42: =集贸价格明细!M873 -> 0.4
A43: 45902 | B43: 8月第4周 | C43: =集贸价格明细!H890 -> 70.41 | D43: =集贸价格明细!H891 -> 64.79 | E43: =集贸价格明细!H892 -> 27.07 | F43: =集贸价格明细!H893 -> 69.02 | G43: =集贸价格明细!H894 -> 66.72 | H43: =集贸价格明细!H895 -> 28.77 | I43: =集贸价格明细!K890 -> 0.2 | J43: =集贸价格明细!M890 -> 3.2 | K43: =集贸价格明细!K891 -> 0.3 | L43: =集贸价格明细!M891 -> 0 | M43: =集贸价格明细!K892 -> 0.3 | N43: =集贸价格明细!M892 -> 10.7 | O43: =集贸价格明细!K893 -> 0.1 | P43: =集贸价格明细!M893 -> -1.7 | Q43: =集贸价格明细!K894 -> 0.2 | R43: =集贸价格明细!M894 -> 0 | S43: =集贸价格明细!K895 -> 0.6 | T43: =集贸价格明细!M895 -> 0.2
A44: 45894 | B44: 8月第3周 | C44: =集贸价格明细!H912 -> 70.24 | D44: =集贸价格明细!H913 -> 64.62 | E44: =集贸价格明细!H914 -> 26.98 | F44: =集贸价格明细!H915 -> 68.95 | G44: =集贸价格明细!H916 -> 66.61 | H44: =集贸价格明细!H917 -> 28.59 | I44: =集贸价格明细!K912 -> 0.3 | J44: =集贸价格明细!M912 -> 2.6 | K44: =集贸价格明细!K913 -> 0.5 | L44: =集贸价格明细!M913 -> 0 | M44: =集贸价格明细!K914 -> 0.5 | N44: =集贸价格明细!M914 -> 10.8 | O44: =集贸价格明细!K915 -> 0.1 | P44: =集贸价格明细!M915 -> -1.9 | Q44: =集贸价格明细!K916 -> 0.2 | R44: =集贸价格明细!M916 -> 0 | S44: =集贸价格明细!K917 -> 0.4 | T44: =集贸价格明细!M917 -> -0.2
A45: 45894 | B45: 8月第2周 | C45: =集贸价格明细!H934 -> 70 | D45: =集贸价格明细!H935 -> 64.33 | E45: =集贸价格明细!H936 -> 26.84 | F45: =集贸价格明细!H937 -> 68.86 | G45: =集贸价格明细!H938 -> 66.5 | H45: =集贸价格明细!H939 -> 28.49 | I45: =集贸价格明细!K934 -> 0.2 | J45: =集贸价格明细!M934 -> 2.3 | K45: =集贸价格明细!K935 -> 0.5 | L45: =集贸价格明细!M935 -> 0 | M45: =集贸价格明细!K936 -> 0.5 | N45: =集贸价格明细!M936 -> 11.3 | O45: =集贸价格明细!K937 -> 0.2 | P45: =集贸价格明细!M937 -> -2 | Q45: =集贸价格明细!K938 -> 0.1 | R45: =集贸价格明细!M938 -> 0 | S45: =集贸价格明细!K939 -> 0.1 | T45: =集贸价格明细!M939 -> -0.6
A46: 45882 | B46: 8月第1周 | C46: =集贸价格明细!H956 -> 69.85 | D46: =集贸价格明细!H957 -> 64.03 | E46: =集贸价格明细!H958 -> 26.7 | F46: =集贸价格明细!H959 -> 68.74 | G46: =集贸价格明细!H960 -> 66.42 | H46: =集贸价格明细!H961 -> 28.45 | I46: =集贸价格明细!K956 -> 0.2 | J46: =集贸价格明细!M956 -> 2.2 | K46: =集贸价格明细!K957 -> 0.4 | L46: =集贸价格明细!M957 -> 0 | M46: =集贸价格明细!K958 -> 0.6 | N46: =集贸价格明细!M958 -> 11.7 | O46: =集贸价格明细!K959 -> 0 | P46: =集贸价格明细!M959 -> -2.3 | Q46: =集贸价格明细!K960 -> 0 | R46: =集贸价格明细!M960 -> 0 | S46: =集贸价格明细!K961 -> -0.2 | T46: =集贸价格明细!M961 -> -0.8
A47: 45873 | B47: 7月第5周 | C47: =集贸价格明细!H978 -> 69.74 | D47: =集贸价格明细!H979 -> 63.77 | E47: =集贸价格明细!H980 -> 26.55 | F47: =集贸价格明细!H981 -> 68.73 | G47: =集贸价格明细!H982 -> 66.42 | H47: =集贸价格明细!H983 -> 28.51 | I47: =集贸价格明细!K978 -> 0 | J47: =集贸价格明细!M978 -> 1.8 | K47: =集贸价格明细!K979 -> 0.1 | L47: =集贸价格明细!M979 -> 0 | M47: =集贸价格明细!K980 -> 0.2 | N47: =集贸价格明细!M980 -> 11.6 | O47: =集贸价格明细!K981 -> -0.1 | P47: =集贸价格明细!M981 -> -2.4 | Q47: =集贸价格明细!K982 -> -0.1 | R47: =集贸价格明细!M982 -> 0 | S47: =集贸价格明细!K983 -> 0 | T47: =集贸价格明细!M983 -> -0.9
A48: 45867 | B48: 7月第4周 | C48: =集贸价格明细!H1000 -> 69.72 | D48: =集贸价格明细!H1001 -> 63.72 | E48: =集贸价格明细!H1002 -> 26.49 | F48: =集贸价格明细!H1003 -> 68.8 | G48: =集贸价格明细!H1004 -> 66.48 | H48: =集贸价格明细!H1005 -> 28.5 | I48: =集贸价格明细!K1000 -> 0 | J48: =集贸价格明细!M1000 -> 1.7 | K48: =集贸价格明细!K1001 -> 0 | L48: =集贸价格明细!M1001 -> 0 | M48: =集贸价格明细!K1002 -> -0.2 | N48: =集贸价格明细!M1002 -> 11.6 | O48: =集贸价格明细!K1003 -> 0 | P48: =集贸价格明细!M1003 -> -2.4 | Q48: =集贸价格明细!K1004 -> -0.1 | R48: =集贸价格明细!M1004 -> 0 | S48: =集贸价格明细!K1005 -> 0 | T48: =集贸价格明细!M1005 -> -1.1
A49: 45860 | B49: 7月第3周 | C49: =集贸价格明细!H1022 -> 69.75 | D49: =集贸价格明细!H1023 -> 63.69 | E49: =集贸价格明细!H1024 -> 26.53 | F49: =集贸价格明细!H1025 -> 68.82 | G49: =集贸价格明细!H1026 -> 66.54 | H49: =集贸价格明细!H1027 -> 28.52 | I49: =集贸价格明细!K1022 -> -0.1 | J49: =集贸价格明细!M1022 -> 1.7 | K49: =集贸价格明细!K1023 -> 0.1 | L49: =集贸价格明细!M1023 -> 0 | M49: =集贸价格明细!K1024 -> -0.2 | N49: =集贸价格明细!M1024 -> 12.1 | O49: =集贸价格明细!K1025 -> -0.2 | P49: =集贸价格明细!M1025 -> -2.6 | Q49: =集贸价格明细!K1026 -> -0.2 | R49: =集贸价格明细!M1026 -> 0 | S49: =集贸价格明细!K1027 -> 0 | T49: =集贸价格明细!M1027 -> -1.5
A50: 45853 | B50: 7月第2周 | C50: =集贸价格明细!H1044 -> 69.8 | D50: =集贸价格明细!H1045 -> 63.62 | E50: =集贸价格明细!H1046 -> 26.59 | F50: =集贸价格明细!H1047 -> 68.97 | G50: =集贸价格明细!H1048 -> 66.68 | H50: =集贸价格明细!H1049 -> 28.6 | I50: =集贸价格明细!K1044 -> 0 | J50: =集贸价格明细!M1044 -> 1.5 | K50: =集贸价格明细!K1045 -> -0.1 | L50: =集贸价格明细!M1045 -> 0 | M50: =集贸价格明细!K1046 -> 0.1 | N50: =集贸价格明细!M1046 -> 12.7 | O50: =集贸价格明细!K1047 -> -0.1 | P50: =集贸价格明细!M1047 -> -2.5 | Q50: =集贸价格明细!K1048 -> -0.1 | R50: =集贸价格明细!M1048 -> 0 | S50: =集贸价格明细!K1049 -> 0 | T50: =集贸价格明细!M1049 -> -1.2
A51: 45847 | B51: 7月第1周 | C51: =集贸价格明细!H1066 -> 69.82 | D51: =集贸价格明细!H1067 -> 63.67 | E51: =集贸价格明细!H1068 -> 26.57 | F51: =集贸价格明细!H1069 -> 69.02 | G51: =集贸价格明细!H1070 -> 66.72 | H51: =集贸价格明细!H1071 -> 28.68 | I51: =集贸价格明细!K1066 -> 0.1 | J51: =集贸价格明细!M1066 -> 1.2 | K51: =集贸价格明细!K1067 -> 0.1 | L51: =集贸价格明细!M1067 -> 0 | M51: =集贸价格明细!K1068 -> 0.1 | N51: =集贸价格明细!M1068 -> 12.5 | O51: =集贸价格明细!K1069 -> -0.1 | P51: =集贸价格明细!M1069 -> -2.6 | Q51: =集贸价格明细!K1070 -> -0.2 | R51: =集贸价格明细!M1070 -> 0 | S51: =集贸价格明细!K1071 -> 0 | T51: =集贸价格明细!M1071 -> -1.2
A52: 45840 | B52: 6月第4周 | C52: =集贸价格明细!H1088 -> 69.77 | D52: =集贸价格明细!H1089 -> 63.62 | E52: =集贸价格明细!H1090 -> 26.55 | F52: =集贸价格明细!H1091 -> 69.12 | G52: =集贸价格明细!H1092 -> 66.86 | H52: =集贸价格明细!H1093 -> 28.75 | I52: =集贸价格明细!K1088 -> 0 | J52: =集贸价格明细!M1088 -> 0.7 | K52: =集贸价格明细!K1089 -> -0.2 | L52: =集贸价格明细!M1089 -> 0 | M52: =集贸价格明细!K1090 -> -0.4 | N52: =集贸价格明细!M1090 -> 12.6 | O52: =集贸价格明细!K1091 -> -0.1 | P52: =集贸价格明细!M1091 -> -2.7 | Q52: =集贸价格明细!K1092 -> -0.1 | R52: =集贸价格明细!M1092 -> 0 | S52: =集贸价格明细!K1093 -> 0 | T52: =集贸价格明细!M1093 -> -1.3
A53: 45832 | B53: 6月第3周 | C53: =集贸价格明细!H1110 -> 69.78 | D53: =集贸价格明细!H1111 -> 63.73 | E53: =集贸价格明细!H1112 -> 26.67 | F53: =集贸价格明细!H1113 -> 69.2 | G53: =集贸价格明细!H1114 -> 66.92 | H53: =集贸价格明细!H1115 -> 28.82 | I53: =集贸价格明细!K1110 -> 0 | J53: =集贸价格明细!M1110 -> 0.4 | K53: =集贸价格明细!K1111 -> 0 | L53: =集贸价格明细!M1111 -> 0 | M53: =集贸价格明细!K1112 -> -0.1 | N53: =集贸价格明细!M1112 -> 13.3 | O53: =集贸价格明细!K1113 -> -0.2 | P53: =集贸价格明细!M1113 -> -2.8 | Q53: =集贸价格明细!K1114 -> -0.3 | R53: =集贸价格明细!M1114 -> 0 | S53: =集贸价格明细!K1115 -> 0 | T53: =集贸价格明细!M1115 -> -1.4
A54: 45825 | B54: 6月第2周 | C54: =集贸价格明细!H1132 -> 69.81 | D54: =集贸价格明细!H1133 -> 63.75 | E54: =集贸价格明细!H1134 -> 26.7 | F54: =集贸价格明细!H1135 -> 69.32 | G54: =集贸价格明细!H1136 -> 67.09 | H54: =集贸价格明细!H1137 -> 28.9 | I54: =集贸价格明细!K1132 -> -0.1 | J54: =集贸价格明细!M1132 -> -0.2 | K54: =集贸价格明细!K1133 -> -0.2 | L54: =集贸价格明细!M1133 -> 0 | M54: =集贸价格明细!K1134 -> -0.3 | N54: =集贸价格明细!M1134 -> 13.8 | O54: =集贸价格明细!K1135 -> -0.1 | P54: =集贸价格明细!M1135 -> -3 | Q54: =集贸价格明细!K1136 -> -0.2 | R54: =集贸价格明细!M1136 -> 0 | S54: =集贸价格明细!K1137 -> 0 | T54: =集贸价格明细!M1137 -> -1.3
A55: 45818 | B55: 6月第1周 | C55: =集贸价格明细!H1154 -> 69.9 | D55: =集贸价格明细!H1155 -> 63.86 | E55: =集贸价格明细!H1156 -> 26.79 | F55: =集贸价格明细!H1157 -> 69.41 | G55: =集贸价格明细!H1158 -> 67.22 | H55: =集贸价格明细!H1159 -> 29.05 | I55: =集贸价格明细!K1154 -> 0.1 | J55: =集贸价格明细!M1154 -> -0.8 | K55: =集贸价格明细!K1155 -> 0 | L55: =集贸价格明细!M1155 -> 0 | M55: =集贸价格明细!K1156 -> -0.1 | N55: =集贸价格明细!M1156 -> 14.9 | O55: =集贸价格明细!K1157 -> -0.1 | P55: =集贸价格明细!M1157 -> -3.1 | Q55: =集贸价格明细!K1158 -> -0.2 | R55: =集贸价格明细!M1158 -> 0 | S55: =集贸价格明细!K1159 -> 0 | T55: =集贸价格明细!M1159 -> -0.8
A56: 45812 | B56: 5月第4周 | C56: =集贸价格明细!H1176 -> 69.86 | D56: =集贸价格明细!H1177 -> 63.83 | E56: =集贸价格明细!H1178 -> 26.82 | F56: =集贸价格明细!H1179 -> 69.47 | G56: =集贸价格明细!H1180 -> 67.38 | H56: =集贸价格明细!H1181 -> 29.19 | I56: =集贸价格明细!K1176 -> 0 | J56: =集贸价格明细!M1176 -> -1.7 | K56: =集贸价格明细!K1177 -> 0 | L56: =集贸价格明细!M1177 -> 0 | M56: =集贸价格明细!K1178 -> -0.3 | N56: =集贸价格明细!M1178 -> 15.8 | O56: =集贸价格明细!K1179 -> -0.1 | P56: =集贸价格明细!M1179 -> -3.5 | Q56: =集贸价格明细!K1180 -> -0.2 | R56: =集贸价格明细!M1180 -> 0 | S56: =集贸价格明细!K1181 -> 0 | T56: =集贸价格明细!M1181 -> -0.6
A57: 45804 | B57: 5月第3周 | C57: =集贸价格明细!H1198 -> 69.89 | D57: =集贸价格明细!H1199 -> 63.81 | E57: =集贸价格明细!H1200 -> 26.89 | F57: =集贸价格明细!H1201 -> 69.56 | G57: =集贸价格明细!H1202 -> 67.52 | H57: =集贸价格明细!H1203 -> 29.3 | I57: =集贸价格明细!K1198 -> 0.1 | J57: =集贸价格明细!M1198 -> -2.5 | K57: =集贸价格明细!K1199 -> 0.1 | L57: =集贸价格明细!M1199 -> 0 | M57: =集贸价格明细!K1200 -> -0.2 | N57: =集贸价格明细!M1200 -> 16.2 | O57: =集贸价格明细!K1201 -> 0.1 | P57: =集贸价格明细!M1201 -> -3.7 | Q57: =集贸价格明细!K1202 -> -0.1 | R57: =集贸价格明细!M1202 -> 0 | S57: =集贸价格明细!K1203 -> 0 | T57: =集贸价格明细!M1203 -> -0.8
A58: 45797 | B58: 5月第2周 | C58: =集贸价格明细!H1220 -> 69.8 | D58: =集贸价格明细!H1221 -> 63.73 | E58: =集贸价格明细!H1222 -> 26.95 | F58: =集贸价格明细!H1223 -> 69.5 | G58: =集贸价格明细!H1224 -> 67.6 | H58: =集贸价格明细!H1225 -> 29.36 | I58: =集贸价格明细!K1220 -> 0 | J58: =集贸价格明细!M1220 -> -3.8 | K58: =集贸价格明细!K1221 -> 0.1 | L58: =集贸价格明细!M1221 -> 0 | M58: =集贸价格明细!K1222 -> 0.1 | N58: =集贸价格明细!M1222 -> 15.9 | O58: =集贸价格明细!K1223 -> -0.2 | P58: =集贸价格明细!M1223 -> -4.5 | Q58: =集贸价格明细!K1224 -> -0.1 | R58: =集贸价格明细!M1224 -> 0 | S58: =集贸价格明细!K1225 -> 0 | T58: =集贸价格明细!M1225 -> -1.2
A59: 45790 | B59: 5月第1周 | C59: =集贸价格明细!H1242 -> 69.78 | D59: =集贸价格明细!H1243 -> 63.64 | E59: =集贸价格明细!H1244 -> 26.92 | F59: =集贸价格明细!H1245 -> 69.61 | G59: =集贸价格明细!H1246 -> 67.68 | H59: =集贸价格明细!H1247 -> 29.42 | I59: =集贸价格明细!K1242 -> 0.4 | J59: =集贸价格明细!M1242 -> -4.9 | K59: =集贸价格明细!K1243 -> 0.3 | L59: =集贸价格明细!M1243 -> 0 | M59: =集贸价格明细!K1244 -> -0.1 | N59: =集贸价格明细!M1244 -> 13.9 | O59: =集贸价格明细!K1245 -> -0.1 | P59: =集贸价格明细!M1245 -> -4.9 | Q59: =集贸价格明细!K1246 -> 0.1 | R59: =集贸价格明细!M1246 -> 0 | S59: =集贸价格明细!K1247 -> 0 | T59: =集贸价格明细!M1247 -> -1.9
A60: 45784 | B60: 4月第5周 | C60: =集贸价格明细!H1264 -> 69.53 | D60: =集贸价格明细!H1265 -> 63.42 | E60: =集贸价格明细!H1266 -> 26.96 | F60: =集贸价格明细!H1267 -> 69.65 | G60: =集贸价格明细!H1268 -> 67.64 | H60: =集贸价格明细!H1269 -> 29.37 | I60: =集贸价格明细!K1264 -> 0.7 | J60: =集贸价格明细!M1264 -> -6.2 | K60: =集贸价格明细!K1265 -> 1.1 | L60: =集贸价格明细!M1265 -> 0 | M60: =集贸价格明细!K1266 -> 0.5 | N60: =集贸价格明细!M1266 -> 12.6 | O60: =集贸价格明细!K1267 -> 0.2 | P60: =集贸价格明细!M1267 -> -5.3 | Q60: =集贸价格明细!K1268 -> 0.3 | R60: =集贸价格明细!M1268 -> 0 | S60: =集贸价格明细!K1269 -> 0 | T60: =集贸价格明细!M1269 -> -2.5
A61: 45776 | B61: 4月第4周 | C61: =集贸价格明细!H1286 -> 69.03 | D61: =集贸价格明细!H1287 -> 62.75 | E61: =集贸价格明细!H1288 -> 26.82 | F61: =集贸价格明细!H1289 -> 69.5 | G61: =集贸价格明细!H1290 -> 67.45 | H61: =集贸价格明细!H1291 -> 29.26 | I61: =集贸价格明细!K1286 -> 0.7 | J61: =集贸价格明细!M1286 -> -8 | K61: =集贸价格明细!K1287 -> 1.2 | L61: =集贸价格明细!M1287 -> 0 | M61: =集贸价格明细!K1288 -> 1 | N61: =集贸价格明细!M1288 -> 9.3 | O61: =集贸价格明细!K1289 -> 0.2 | P61: =集贸价格明细!M1289 -> -6 | Q61: =集贸价格明细!K1290 -> 0 | R61: =集贸价格明细!M1290 -> 0 | S61: =集贸价格明细!K1291 -> 0 | T61: =集贸价格明细!M1291 -> -3.4
A62: 45769 | B62: 4月第3周 | C62: =集贸价格明细!H1308 -> 68.52 | D62: =集贸价格明细!H1309 -> 62.01 | E62: =集贸价格明细!H1310 -> 26.55 | F62: =集贸价格明细!H1311 -> 69.37 | G62: =集贸价格明细!H1312 -> 67.42 | H62: =集贸价格明细!H1313 -> 29.11 | I62: =集贸价格明细!K1308 -> 0.8 | J62: =集贸价格明细!M1308 -> -9.5 | K62: =集贸价格明细!K1309 -> 1.4 | L62: =集贸价格明细!M1309 -> 0 | M62: =集贸价格明细!K1310 -> 1.6 | N62: =集贸价格明细!M1310 -> 5.8 | O62: =集贸价格明细!K1311 -> 0 | P62: =集贸价格明细!M1311 -> -6.8 | Q62: =集贸价格明细!K1312 -> -0.2 | R62: =集贸价格明细!M1312 -> 0 | S62: =集贸价格明细!K1313 -> 0 | T62: =集贸价格明细!M1313 -> -4.6
A63: 45763 | B63: 4月第2周 | C63: =集贸价格明细!H1330 -> 67.95 | D63: =集贸价格明细!H1331 -> 61.18 | E63: =集贸价格明细!H1332 -> 26.13 | F63: =集贸价格明细!H1333 -> 69.39 | G63: =集贸价格明细!H1334 -> 67.38 | H63: =集贸价格明细!H1335 -> 29.01 | I63: =集贸价格明细!K1330 -> 1.1 | J63: =集贸价格明细!M1330 -> -11.1 | K63: =集贸价格明细!K1331 -> 1.4 | L63: =集贸价格明细!M1331 -> 0 | M63: =集贸价格明细!K1332 -> 1.5 | N63: =集贸价格明细!M1332 -> 2.5 | O63: =集贸价格明细!K1333 -> 0 | P63: =集贸价格明细!M1333 -> -7.2 | Q63: =集贸价格明细!K1334 -> 0 | R63: =集贸价格明细!M1334 -> 0 | S63: =集贸价格明细!K1335 -> 0 | T63: =集贸价格明细!M1335 -> -5.7
A64: 45756 | B64: 4月第1周 | C64: =集贸价格明细!H1352 -> 67.21 | D64: =集贸价格明细!H1353 -> 60.33 | E64: =集贸价格明细!H1354 -> 25.74 | F64: =集贸价格明细!H1355 -> 69.36 | G64: =集贸价格明细!H1356 -> 67.4 | H64: =集贸价格明细!H1357 -> 29.04 | I64: =集贸价格明细!K1352 -> 1.3 | J64: =集贸价格明细!M1352 -> -12.7 | K64: =集贸价格明细!K1353 -> 2.3 | L64: =集贸价格明细!M1353 -> 0 | M64: =集贸价格明细!K1354 -> 2.7 | N64: =集贸价格明细!M1354 -> -0.3 | O64: =集贸价格明细!K1355 -> 0.1 | P64: =集贸价格明细!M1355 -> -7.7 | Q64: =集贸价格明细!K1356 -> 0.1 | R64: =集贸价格明细!M1356 -> 0 | S64: =集贸价格明细!K1357 -> 0 | T64: =集贸价格明细!M1357 -> -6.2
A65: 45748 | B65: 3月第4周 | C65: =集贸价格明细!H1374 -> 66.38 | D65: =集贸价格明细!H1375 -> 58.97 | E65: =集贸价格明细!H1376 -> 25.06 | F65: =集贸价格明细!H1377 -> 69.3 | G65: =集贸价格明细!H1378 -> 67.34 | H65: =集贸价格明细!H1379 -> 29.04 | I65: =集贸价格明细!K1374 -> 1.1 | J65: =集贸价格明细!M1374 -> -14.2 | K65: =集贸价格明细!K1375 -> 3.8 | L65: =集贸价格明细!M1375 -> 0 | M65: =集贸价格明细!K1376 -> 4.1 | N65: =集贸价格明细!M1376 -> -4.3 | O65: =集贸价格明细!K1377 -> -0.1 | P65: =集贸价格明细!M1377 -> -8.2 | Q65: =集贸价格明细!K1378 -> 1.8 | R65: =集贸价格明细!M1378 -> 0 | S65: =集贸价格明细!K1379 -> 0.2 | T65: =集贸价格明细!M1379 -> -6.9
A66: 45741 | B66: 3月第3周 | C66: =集贸价格明细!H1396 -> 65.64 | D66: =集贸价格明细!H1397 -> 56.8 | E66: =集贸价格明细!H1398 -> 24.07 | F66: =集贸价格明细!H1399 -> 69.38 | G66: =集贸价格明细!H1400 -> 66.18 | H66: =集贸价格明细!H1401 -> 28.98 | I66: =集贸价格明细!K1396 -> 0.5 | J66: =集贸价格明细!M1396 -> -15.6 | K66: =集贸价格明细!K1397 -> 2.7 | L66: =集贸价格明细!M1397 -> 0 | M66: =集贸价格明细!K1398 -> 2.3 | N66: =集贸价格明细!M1398 -> -9.1 | O66: =集贸价格明细!K1399 -> -0.1 | P66: =集贸价格明细!M1399 -> -8.5 | Q66: =集贸价格明细!K1400 -> 1.8 | R66: =集贸价格明细!M1400 -> 0 | S66: =集贸价格明细!K1401 -> 0.3 | T66: =集贸价格明细!M1401 -> -7.7
A67: 45734 | B67: 3月第2周 | C67: =集贸价格明细!H1418 -> 65.31 | D67: =集贸价格明细!H1419 -> 55.29 | E67: =集贸价格明细!H1420 -> 23.52 | F67: =集贸价格明细!H1421 -> 69.42 | G67: =集贸价格明细!H1422 -> 64.99 | H67: =集贸价格明细!H1423 -> 28.88 | I67: =集贸价格明细!K1418 -> 0.2 | J67: =集贸价格明细!M1418 -> -16.5 | K67: =集贸价格明细!K1419 -> 1.4 | L67: =集贸价格明细!M1419 -> 0 | M67: =集贸价格明细!K1420 -> 1.3 | N67: =集贸价格明细!M1420 -> -12.1 | O67: =集贸价格明细!K1421 -> -0.2 | P67: =集贸价格明细!M1421 -> -8.8 | Q67: =集贸价格明细!K1422 -> 1.2 | R67: =集贸价格明细!M1422 -> 0 | S67: =集贸价格明细!K1423 -> 0.1 | T67: =集贸价格明细!M1423 -> -8.6
A68: 45728 | B68: 3月第1周 | C68: =集贸价格明细!H1440 -> 65.17 | D68: =集贸价格明细!H1441 -> 54.5 | E68: =集贸价格明细!H1442 -> 23.21 | F68: =集贸价格明细!H1443 -> 69.54 | G68: =集贸价格明细!H1444 -> 64.2 | I68: =集贸价格明细!K1440 -> 0.2 | J68: =集贸价格明细!M1440 -> -17.1 | K68: =集贸价格明细!K1441 -> 1 | L68: =集贸价格明细!M1441 -> 0 | M68: =集贸价格明细!K1442 -> 1.9 | N68: =集贸价格明细!M1442 -> -13.8 | O68: =集贸价格明细!K1443 -> -0.3 | P68: =集贸价格明细!M1443 -> -9.1 | Q68: =集贸价格明细!K1444 -> 0 | R68: =集贸价格明细!M1444 -> 0
A69: 45720 | B69: 2月第4周 | C69: =集贸价格明细!H1461 -> 65.02 | D69: =集贸价格明细!H1462 -> 53.96 | E69: =集贸价格明细!H1463 -> 22.78 | F69: =集贸价格明细!H1464 -> 69.75 | G69: =集贸价格明细!H1465 -> 64.22 | I69: =集贸价格明细!K1461 -> -0.2 | J69: =集贸价格明细!M1461 -> -17.7 | K69: =集贸价格明细!K1462 -> 0.2 | L69: =集贸价格明细!M1462 -> 0 | M69: =集贸价格明细!K1463 -> 1 | N69: =集贸价格明细!M1463 -> -15.9 | O69: =集贸价格明细!K1464 -> -0.2 | P69: =集贸价格明细!M1464 -> -9.1 | Q69: =集贸价格明细!K1465 -> 0 | R69: =集贸价格明细!M1465 -> 0
A70: 45713 | B70: 2月第3周 | C70: =集贸价格明细!H1482 -> 65.14 | D70: =集贸价格明细!H1483 -> 53.85 | F70: =集贸价格明细!H1484 -> 69.92 | G70: =集贸价格明细!H1485 -> 64.21 | I70: =集贸价格明细!K1482 -> -0.4 | J70: =集贸价格明细!M1482 -> -18.1 | K70: =集贸价格明细!K1483 -> -0.2 | L70: =集贸价格明细!M1483 -> 0 | O70: =集贸价格明细!K1484 -> -0.6 | P70: =集贸价格明细!M1484 -> -9.5 | Q70: =集贸价格明细!K1485 -> -0.1 | R70: =集贸价格明细!M1485 -> 0
A71: 45707 | B71: 2月第2周 | C71: =集贸价格明细!H1502 -> 65.43 | D71: =集贸价格明细!H1503 -> 53.96 | F71: =集贸价格明细!H1504 -> 70.31 | G71: =集贸价格明细!H1505 -> 64.3 | I71: =集贸价格明细!K1502 -> -0.3 | J71: =集贸价格明细!M1502 -> -18.2 | K71: =集贸价格明细!K1503 -> 0.2 | L71: =集贸价格明细!M1503 -> 0 | O71: =集贸价格明细!K1504 -> -0.4 | P71: =集贸价格明细!M1504 -> -9.5 | Q71: =集贸价格明细!K1505 -> -0.2 | R71: =集贸价格明细!M1505 -> 0
A72: 45699 | B72: 2月第1周 | C72: =集贸价格明细!H1522 -> 65.62 | D72: =集贸价格明细!H1523 -> 53.83 | F72: =集贸价格明细!H1524 -> 70.59 | G72: =集贸价格明细!H1525 -> 64.42 | I72: =集贸价格明细!K1522 -> -0.3 | J72: =集贸价格明细!M1522 -> -18.1 | K72: =集贸价格明细!K1523 -> -0.5 | L72: =集贸价格明细!M1523 -> 0 | O72: =集贸价格明细!K1524 -> -0.2 | P72: =集贸价格明细!M1524 -> -9.1 | Q72: =集贸价格明细!K1525 -> -0.3 | R72: =集贸价格明细!M1525 -> 0
A73: 45695 | B73: 1月第5周 | C73: =集贸价格明细!H1542 -> 65.82 | D73: =集贸价格明细!H1543 -> 54.09 | F73: =集贸价格明细!H1544 -> 70.72 | G73: =集贸价格明细!H1545 -> 64.59 | I73: =集贸价格明细!K1542 -> 0.6 | J73: =集贸价格明细!M1542 -> -17.4 | K73: =集贸价格明细!K1543 -> 0 | L73: =集贸价格明细!M1543 -> 0 | O73: =集贸价格明细!K1544 -> 0.7 | P73: =集贸价格明细!M1544 -> -8.1 | Q73: =集贸价格明细!K1545 -> 0.4 | R73: =集贸价格明细!M1545 -> 0
A74: 45693 | B74: 1月第4周 | C74: =集贸价格明细!H1562 -> 65.43 | D74: =集贸价格明细!H1563 -> 54.1 | F74: =集贸价格明细!H1564 -> 70.23 | G74: =集贸价格明细!H1565 -> 64.35 | I74: =集贸价格明细!K1562 -> -0.3 | J74: =集贸价格明细!M1562 -> -18.1 | K74: =集贸价格明细!K1563 -> -0.8 | L74: =集贸价格明细!M1563 -> 0 | O74: =集贸价格明细!K1564 -> 0.4 | P74: =集贸价格明细!M1564 -> -8.4 | Q74: =集贸价格明细!K1565 -> 0.2 | R74: =集贸价格明细!M1565 -> 0
A75: 45678 | B75: 1月第3周 | C75: =集贸价格明细!H1582 -> 65.6 | D75: =集贸价格明细!H1583 -> 54.56 | F75: =集贸价格明细!H1584 -> 69.98 | G75: =集贸价格明细!H1585 -> 64.21 | I75: =集贸价格明细!K1582 -> -0.2 | J75: =集贸价格明细!M1582 -> -18.2 | K75: =集贸价格明细!K1583 -> 0.2 | L75: =集贸价格明细!M1583 -> 0 | O75: =集贸价格明细!K1584 -> 0.2 | P75: =集贸价格明细!M1584 -> -8.8 | Q75: =集贸价格明细!K1585 -> 0.1 | R75: =集贸价格明细!M1585 -> 0
A76: 45671 | B76: 1月第2周 | C76: =集贸价格明细!H1602 -> 65.71 | D76: =集贸价格明细!H1603 -> 54.45 | F76: =集贸价格明细!H1604 -> 69.87 | G76: =集贸价格明细!H1605 -> 64.16 | I76: =集贸价格明细!K1602 -> -0.3 | J76: =集贸价格明细!M1602 -> -18.4 | K76: =集贸价格明细!K1603 -> -0.2 | L76: =集贸价格明细!M1603 -> 0 | O76: =集贸价格明细!K1604 -> 0 | P76: =集贸价格明细!M1604 -> -9.2 | Q76: =集贸价格明细!K1605 -> 0 | R76: =集贸价格明细!M1605 -> 0
A77: 45664 | B77: 1月第1周 | C77: =集贸价格明细!H1622 -> 65.94 | D77: =集贸价格明细!H1623 -> 54.54 | F77: =集贸价格明细!H1624 -> 69.88 | G77: =集贸价格明细!H1625 -> 64.17 | I77: =集贸价格明细!K1622 -> -0.3 | J77: =集贸价格明细!M1622 -> -18.5 | K77: =集贸价格明细!K1623 -> 0 | L77: =集贸价格明细!M1623 -> 0 | O77: =集贸价格明细!K1624 -> -0.1 | P77: =集贸价格明细!M1624 -> -9.4 | Q77: =集贸价格明细!K1625 -> 0 | R77: =集贸价格明细!M1625 -> 0
A78: 45657 | B78: 12月第4周 | C78: =集贸价格明细!H1642 -> 66.11 | D78: =集贸价格明细!H1643 -> 54.56 | F78: =集贸价格明细!H1644 -> 69.93 | G78: =集贸价格明细!H1645 -> 64.17 | I78: =集贸价格明细!K1642 -> -0.3 | J78: =集贸价格明细!M1642 -> -18.6 | K78: =集贸价格明细!K1643 -> -0.3 | L78: =集贸价格明细!M1643 -> 0 | O78: =集贸价格明细!K1644 -> 0 | P78: =集贸价格明细!M1644 -> -9.6 | Q78: =集贸价格明细!K1645 -> -0.1 | R78: =集贸价格明细!M1645 -> 0
A79: 45650 | B79: 12月第3周 | C79: =集贸价格明细!H1662 -> 66.28 | D79: =集贸价格明细!H1663 -> 54.72 | F79: =集贸价格明细!H1664 -> 69.96 | G79: =集贸价格明细!H1665 -> 64.23 | I79: =集贸价格明细!K1662 -> -0.3 | J79: =集贸价格明细!M1662 -> -18.6 | K79: =集贸价格明细!K1663 -> -0.4 | L79: =集贸价格明细!M1663 -> 0 | O79: =集贸价格明细!K1664 -> 0.1 | P79: =集贸价格明细!M1664 -> -9.5 | Q79: =集贸价格明细!K1665 -> 0.1 | R79: =集贸价格明细!M1665 -> 0
A80: 45643 | B80: 12月第2周 | C80: =集贸价格明细!H1682 -> 66.47 | D80: =集贸价格明细!H1683 -> 54.93 | F80: =集贸价格明细!H1684 -> 69.88 | G80: =集贸价格明细!H1685 -> 64.16 | I80: =集贸价格明细!K1682 -> -0.2 | J80: =集贸价格明细!M1682 -> -18.4 | K80: =集贸价格明细!K1683 -> -0.3 | L80: =集贸价格明细!M1683 -> 0 | O80: =集贸价格明细!K1684 -> 0 | P80: =集贸价格明细!M1684 -> -9.4 | Q80: =集贸价格明细!K1685 -> 0 | R80: =集贸价格明细!M1685 -> 0
A81: 45636 | B81: 12月第1周 | C81: =集贸价格明细!H1702 -> 66.61 | D81: =集贸价格明细!H1703 -> 55.08 | F81: =集贸价格明细!H1704 -> 69.9 | G81: =集贸价格明细!H1705 -> 64.13 | I81: =集贸价格明细!K1702 -> -0.2 | J81: =集贸价格明细!M1702 -> -18.3 | K81: =集贸价格明细!K1703 -> -0.1 | L81: =集贸价格明细!M1703 -> 0 | O81: =集贸价格明细!K1704 -> -0.2 | P81: =集贸价格明细!M1704 -> -9.4 | Q81: =集贸价格明细!K1705 -> 0.1 | R81: =集贸价格明细!M1705 -> 0
A82: 45629 | B82: 11月第4周 | C82: =集贸价格明细!H1722 -> 66.76 | D82: =集贸价格明细!H1723 -> 55.13 | F82: =集贸价格明细!H1724 -> 70.05 | G82: =集贸价格明细!H1725 -> 64.04 | I82: =集贸价格明细!K1722 -> -0.2 | J82: =集贸价格明细!M1722 -> -18.3 | K82: =集贸价格明细!K1723 -> -0.3 | L82: =集贸价格明细!M1723 -> 0 | O82: =集贸价格明细!K1724 -> 0.2 | P82: =集贸价格明细!M1724 -> -9.2 | Q82: =集贸价格明细!K1725 -> 0.2 | R82: =集贸价格明细!M1725 -> 0
A83: 45622 | B83: 11月第3周 | C83: =集贸价格明细!H1742 -> 66.89 | D83: =集贸价格明细!H1743 -> 55.28 | F83: =集贸价格明细!H1744 -> 69.94 | G83: =集贸价格明细!H1745 -> 63.93 | I83: =集贸价格明细!K1742 -> -0.1 | J83: =集贸价格明细!M1742 -> -18.3 | K83: =集贸价格明细!K1743 -> -0.3 | L83: =集贸价格明细!M1743 -> 0 | O83: =集贸价格明细!K1744 -> 0.1 | P83: =集贸价格明细!M1744 -> -9.2 | Q83: =集贸价格明细!K1745 -> -0.1 | R83: =集贸价格明细!M1745 -> 0
A84: 45616 | B84: 11月第2周 | C84: =集贸价格明细!H1762 -> 66.94 | D84: =集贸价格明细!H1763 -> 55.45 | F84: =集贸价格明细!H1764 -> 69.85 | G84: =集贸价格明细!H1765 -> 63.99 | I84: =集贸价格明细!K1762 -> -0.2 | J84: =集贸价格明细!M1762 -> -18.3 | K84: =集贸价格明细!K1763 -> -0.2 | L84: =集贸价格明细!M1763 -> 0 | O84: =集贸价格明细!K1764 -> 0 | P84: =集贸价格明细!M1764 -> -9.5 | Q84: =集贸价格明细!K1765 -> -0.2 | R84: =集贸价格明细!M1765 -> 0
A85: 45607 | B85: 11月第1周 | C85: =集贸价格明细!H1782 -> 67.09 | D85: =集贸价格明细!H1783 -> 55.55 | F85: =集贸价格明细!H1784 -> 69.86 | G85: =集贸价格明细!H1785 -> 64.09 | I85: =集贸价格明细!K1782 -> -0.2 | J85: =集贸价格明细!M1782 -> -18.3 | K85: =集贸价格明细!K1783 -> -0.2 | L85: =集贸价格明细!M1783 -> 0 | O85: =集贸价格明细!K1784 -> -0.1 | P85: =集贸价格明细!M1784 -> -9.6 | Q85: =集贸价格明细!K1785 -> 0.1 | R85: =集贸价格明细!M1785 -> 0
A86: 45601 | B86: 10月第5周 | C86: =集贸价格明细!H1802 -> 67.2 | D86: =集贸价格明细!H1803 -> 55.67 | F86: =集贸价格明细!H1804 -> 69.91 | G86: =集贸价格明细!H1805 -> 64.02 | I86: =集贸价格明细!K1802 -> -0.3 | J86: =集贸价格明细!M1802 -> -18.3 | K86: =集贸价格明细!K1803 -> -0.5 | L86: =集贸价格明细!M1803 -> 0 | O86: =集贸价格明细!K1804 -> 0 | P86: =集贸价格明细!M1804 -> -9.6 | Q86: =集贸价格明细!K1805 -> 0 | R86: =集贸价格明细!M1805 -> 0
A87: 45593 | B87: 10月第4周 | C87: =集贸价格明细!H1822 -> 67.37 | D87: =集贸价格明细!H1823 -> 55.95 | F87: =集贸价格明细!H1824 -> 69.89 | G87: =集贸价格明细!H1825 -> 64.01 | I87: =集贸价格明细!K1822 -> -0.2 | J87: =集贸价格明细!M1822 -> -18.3 | K87: =集贸价格明细!K1823 -> -0.2 | L87: =集贸价格明细!M1823 -> 0 | O87: =集贸价格明细!K1824 -> -0.1 | P87: =集贸价格明细!M1824 -> -9.8 | Q87: =集贸价格明细!K1825 -> -0.1 | R87: =集贸价格明细!M1825 -> 0
A88: 45587 | B88: 10月第3周 | C88: =集贸价格明细!H1842 -> 67.49 | D88: =集贸价格明细!H1843 -> 56.08 | F88: =集贸价格明细!H1844 -> 69.96 | G88: =集贸价格明细!H1845 -> 64.07 | I88: =集贸价格明细!K1842 -> -0.4 | J88: =集贸价格明细!M1842 -> -18.3 | K88: =集贸价格明细!K1843 -> -0.3 | L88: =集贸价格明细!M1843 -> 0 | O88: =集贸价格明细!K1844 -> -0.3 | P88: =集贸价格明细!M1844 -> -10.1 | Q88: =集贸价格明细!K1845 -> -0.3 | R88: =集贸价格明细!M1845 -> 0
A89: 45580 | B89: 10月第2周 | C89: =集贸价格明细!H1862 -> 67.78 | D89: =集贸价格明细!H1863 -> 56.22 | F89: =集贸价格明细!H1864 -> 70.14 | G89: =集贸价格明细!H1865 -> 64.26 | I89: =集贸价格明细!K1862 -> -0.1 | J89: =集贸价格明细!M1862 -> -18.1 | K89: =集贸价格明细!K1863 -> 0 | L89: =集贸价格明细!M1863 -> 0 | O89: =集贸价格明细!K1864 -> -0.1 | P89: =集贸价格明细!M1864 -> -10.1 | Q89: =集贸价格明细!K1865 -> -0.1 | R89: =集贸价格明细!M1865 -> 0
A90: 45575 | B90: 10月第1周 | C90: =集贸价格明细!H1882 -> 67.88 | D90: =集贸价格明细!H1883 -> 56.22 | F90: =集贸价格明细!H1884 -> 70.19 | G90: =集贸价格明细!H1885 -> 64.33 | I90: =集贸价格明细!K1882 -> -0.1 | J90: =集贸价格明细!M1882 -> -18.2 | K90: =集贸价格明细!K1883 -> -0.5 | L90: =集贸价格明细!M1883 -> 0 | O90: =集贸价格明细!K1884 -> 0 | P90: =集贸价格明细!M1884 -> -10.3 | Q90: =集贸价格明细!K1885 -> -0.1 | R90: =集贸价格明细!M1885 -> 0
A91: 45564 | B91: 9月第4周 | C91: =集贸价格明细!H1902 -> 67.96 | D91: =集贸价格明细!H1903 -> 56.48 | F91: =集贸价格明细!H1904 -> 70.22 | G91: =集贸价格明细!H1905 -> 64.41 | I91: =集贸价格明细!K1902 -> -0.5 | J91: =集贸价格明细!M1902 -> -18 | K91: =集贸价格明细!K1903 -> -0.8 | L91: =集贸价格明细!M1903 -> 0 | O91: =集贸价格明细!K1904 -> -0.2 | P91: =集贸价格明细!M1904 -> -10.2 | Q91: =集贸价格明细!K1905 -> -0.3 | R91: =集贸价格明细!M1905 -> 0
A92: 45559 | B92: 9月第3周 | C92: =集贸价格明细!H1922 -> 68.31 | D92: =集贸价格明细!H1923 -> 56.92 | F92: =集贸价格明细!H1924 -> 70.34 | G92: =集贸价格明细!H1925 -> 64.62 | I92: =集贸价格明细!K1922 -> 0 | J92: =集贸价格明细!M1922 -> -17.4 | K92: =集贸价格明细!K1923 -> -0.2 | L92: =集贸价格明细!M1923 -> 0 | O92: =集贸价格明细!K1924 -> -0.1 | P92: =集贸价格明细!M1924 -> -10 | Q92: =集贸价格明细!K1925 -> -0.1 | R92: =集贸价格明细!M1925 -> 0
A93: 45553 | B93: 9月第2周 | C93: =集贸价格明细!H1942 -> 68.32 | D93: =集贸价格明细!H1943 -> 57.02 | F93: =集贸价格明细!H1944 -> 70.38 | G93: =集贸价格明细!H1945 -> 64.68 | I93: =集贸价格明细!K1942 -> 0.1 | J93: =集贸价格明细!M1942 -> -17.4 | K93: =集贸价格明细!K1943 -> 0.1 | L93: =集贸价格明细!M1943 -> 0 | O93: =集贸价格明细!K1944 -> 0.1 | P93: =集贸价格明细!M1944 -> -10 | Q93: =集贸价格明细!K1945 -> 0.3 | R93: =集贸价格明细!M1945 -> 0
A94: 45546 | B94: 9月第1周 | C94: =集贸价格明细!H1962 -> 68.28 | D94: =集贸价格明细!H1963 -> 56.98 | F94: =集贸价格明细!H1964 -> 70.3 | G94: =集贸价格明细!H1965 -> 64.48 | I94: =集贸价格明细!K1962 -> 0.1 | J94: =集贸价格明细!M1962 -> -17.3 | K94: =集贸价格明细!K1963 -> -0.1 | L94: =集贸价格明细!M1963 -> 0 | O94: =集贸价格明细!K1964 -> 0.1 | P94: =集贸价格明细!M1964 -> -10 | Q94: =集贸价格明细!K1965 -> 0.1 | R94: =集贸价格明细!M1965 -> 0
A95: 45538 | B95: 8月第5周 | C95: =集贸价格明细!H1982 -> 68.22 | D95: =集贸价格明细!H1983 -> 57.06 | F95: =集贸价格明细!H1984 -> 70.22 | G95: =集贸价格明细!H1985 -> 64.41 | I95: =集贸价格明细!K1982 -> -0.3 | J95: =集贸价格明细!M1982 -> -17.3 | K95: =集贸价格明细!K1983 -> -0.6 | L95: =集贸价格明细!M1983 -> 0 | O95: =集贸价格明细!K1984 -> 0 | P95: =集贸价格明细!M1984 -> -10.1 | Q95: =集贸价格明细!K1985 -> 0 | R95: =集贸价格明细!M1985 -> 0
A96: 45531 | B96: 8月第4周 | C96: =集贸价格明细!H2002 -> 68.44 | D96: =集贸价格明细!H2003 -> 57.39 | F96: =集贸价格明细!H2004 -> 70.25 | G96: =集贸价格明细!H2005 -> 64.39 | I96: =集贸价格明细!K2002 -> 0 | J96: =集贸价格明细!M2002 -> -16.8 | K96: =集贸价格明细!K2003 -> 0.1 | L96: =集贸价格明细!M2003 -> 0 | O96: =集贸价格明细!K2004 -> -0.1 | P96: =集贸价格明细!M2004 -> -9.9 | Q96: =集贸价格明细!K2005 -> 0 | R96: =集贸价格明细!M2005 -> 0
A97: 45524 | B97: 8月第3周 | C97: =集贸价格明细!H2022 -> 68.43 | D97: =集贸价格明细!H2023 -> 57.32 | F97: =集贸价格明细!H2024 -> 70.3 | G97: =集贸价格明细!H2025 -> 64.36 | I97: =集贸价格明细!K2022 -> 0.1 | J97: =集贸价格明细!M2022 -> -16.5 | K97: =集贸价格明细!K2023 -> 0.2 | L97: =集贸价格明细!M2023 -> 0 | O97: =集贸价格明细!K2024 -> -0.1 | P97: =集贸价格明细!M2024 -> -9.9 | Q97: =集贸价格明细!K2025 -> -0.2 | R97: =集贸价格明细!M2025 -> 0
A98: 45517 | B98: 8月第2周 | C98: =集贸价格明细!H2042 -> 68.37 | D98: =集贸价格明细!H2043 -> 57.18 | F98: =集贸价格明细!H2044 -> 70.34 | G98: =集贸价格明细!H2045 -> 64.48 | I98: =集贸价格明细!K2042 -> -0.2 | J98: =集贸价格明细!M2042 -> -16.2 | K98: =集贸价格明细!K2043 -> -0.3 | L98: =集贸价格明细!M2043 -> 0 | O98: =集贸价格明细!K2044 -> -0.1 | P98: =集贸价格明细!M2044 -> -9.8 | Q98: =集贸价格明细!K2045 -> 0 | R98: =集贸价格明细!M2045 -> 0
A99: 45509 | B99: 8月第1周 | C99: =集贸价格明细!H2062 -> 68.49 | D99: =集贸价格明细!H2063 -> 57.34 | F99: =集贸价格明细!H2064 -> 70.42 | G99: =集贸价格明细!H2065 -> 64.49 | I99: =集贸价格明细!K2062 -> -0.1 | J99: =集贸价格明细!M2062 -> -15.7 | K99: =集贸价格明细!K2063 -> -0.3 | L99: =集贸价格明细!M2063 -> 0 | O99: =集贸价格明细!K2064 -> -0.1 | P99: =集贸价格明细!M2064 -> -9.5 | Q99: =集贸价格明细!K2065 -> 0.5 | R99: =集贸价格明细!M2065 -> 0
A100: 45503 | B100: 7月第4周 | C100: =集贸价格明细!H2082 -> 68.54 | D100: =集贸价格明细!H2083 -> 57.5 | F100: =集贸价格明细!H2084 -> 70.49 | G100: =集贸价格明细!H2085 -> 64.16 | I100: =集贸价格明细!K2082 -> -0.1 | J100: =集贸价格明细!M2082 -> -15.5 | K100: =集贸价格明细!K2083 -> -0.1 | L100: =集贸价格明细!M2083 -> 0 | O100: =集贸价格明细!K2084 -> -0.2 | P100: =集贸价格明细!M2084 -> -9.3 | Q100: =集贸价格明细!K2085 -> -0.4 | R100: =集贸价格明细!M2085 -> 0
...

Sheet 生鲜乳价格
C1: 指标价格
A2: 时间 | B2: 周期 | C2: 生鲜乳(主产省份)价格（元/kg） | D2: 生鲜乳(主产省份)环比 | E2: 生鲜乳(主产省份)同比
A3: 46183 | B3: 6月第1周 | C3: =集贸价格明细!H16 -> 3.03 | D3: =集贸价格明细!K16 -> 0 | E3: =集贸价格明细!M16 -> -0.7
A4: 46176 | B4: 5月第4周 | C4: =集贸价格明细!H38 -> 3.03 | D4: =集贸价格明细!K38 -> 0 | E4: =集贸价格明细!M38 -> -1
A5: 46168 | B5: 5月第3周 | C5: =集贸价格明细!H60 -> 3.03 | D5: =集贸价格明细!K60 -> 0.3 | E5: =集贸价格明细!M60 -> -1.3
A6: 46162 | B6: 5月第2周 | C6: =集贸价格明细!H82 -> 3.02 | D6: =集贸价格明细!K82 -> 0 | E6: =集贸价格明细!M82 -> -1.6
A7: 46156 | B7: 5月第1周 | C7: =集贸价格明细!H104 -> 3.02 | D7: =集贸价格明细!K104 -> 0 | E7: =集贸价格明细!M104 -> -1.6
A8: 46151 | B8: 4月第5周 | C8: =集贸价格明细!H126 -> 3.02 | D8: =集贸价格明细!K126 -> 0 | E8: =集贸价格明细!M126 -> -1.9
A9: 46151 | B9: 4月第4周 | C9: =集贸价格明细!H148 -> 3.02 | D9: =集贸价格明细!K148 -> 0.3 | E9: =集贸价格明细!M148 -> -1.6
A10: 46134 | B10: 4月第3周 | C10: =集贸价格明细!H170 -> 3.01 | D10: =集贸价格明细!K170 -> -0.3 | E10: =集贸价格明细!M170 -> -2.3
A11: 46127 | B11: 4月第2周 | C11: =集贸价格明细!H192 -> 3.02 | D11: =集贸价格明细!K192 -> 0 | E11: =集贸价格明细!M192 -> -1.6
A12: 46120 | B12: 4月第1周 | C12: =集贸价格明细!H214 -> 3.02 | D12: =集贸价格明细!K214 -> 0 | E12: =集贸价格明细!M214 -> -1.6
A13: 46111 | B13: 3月第4周 | C13: =集贸价格明细!H236 -> 3.02 | D13: =集贸价格明细!K236 -> -0.3 | E13: =集贸价格明细!M236 -> -1.9
A14: 46106 | B14: 3月第3周 | C14: =集贸价格明细!H258 -> 3.03 | D14: =集贸价格明细!K258 -> 0.3 | E14: =集贸价格明细!M258 -> -1.9
A15: 46099 | B15: 3月第2周 | C15: =集贸价格明细!H280 -> 3.02 | D15: =集贸价格明细!K280 -> -0.3 | E15: =集贸价格明细!M280 -> -1.9
A16: 46091 | B16: 3月第1周 | C16: =集贸价格明细!H302 -> 3.03 | D16: =集贸价格明细!K302 -> 0 | E16: =集贸价格明细!M302 -> -1.6
A17: 46084 | B17: 2月第4周 | C17: =集贸价格明细!H324 -> 3.03 | D17: =集贸价格明细!K324 -> 0 | E17: =集贸价格明细!M324 -> -1.9
A18: 46083 | B18: 2月第3周 | C18: =集贸价格明细!H346 -> 3.03 | D18: =集贸价格明细!K346 -> -0.3 | E18: =集贸价格明细!M346 -> -2.3
A19: 46079 | B19: 2月第2周 | C19: =集贸价格明细!H368 -> 3.04 | D19: =集贸价格明细!K368 -> 0 | E19: =集贸价格明细!M368 -> -2.3
A20: 46063 | B20: 2月第1周 | C20: =集贸价格明细!H390 -> 3.04 | D20: =集贸价格明细!K390 -> 0 | E20: =集贸价格明细!M390 -> -2.6
A21: 46057 | B21: 1月第5周 | C21: =集贸价格明细!H412 -> 3.04 | D21: =集贸价格明细!K412 -> 0 | E21: =集贸价格明细!M412 -> -2.9
A22: 46049 | B22: 1月第4周 | C22: =集贸价格明细!H434 -> 3.04 | D22: =集贸价格明细!K434 -> 0.3 | E22: =集贸价格明细!M434 -> -2.6
A23: 46045 | B23: 1月第3周 | C23: =集贸价格明细!H456 -> 3.03 | D23: =集贸价格明细!K456 -> 0.3 | E23: =集贸价格明细!M456 -> -2.6
A24: 46035 | B24: 1月第2周 | C24: =集贸价格明细!H478 -> 3.02 | D24: =集贸价格明细!K478 -> -0.3 | E24: =集贸价格明细!M478 -> -3.2
A25: 46027 | B25: 1月第1周 | C25: =集贸价格明细!H500 -> 3.03 | D25: =集贸价格明细!K500 -> 0 | E25: =集贸价格明细!M500 -> -2.9
A26: 46021 | B26: 12月第4周 | C26: =集贸价格明细!H522 -> 3.03 | D26: =集贸价格明细!K522 -> 0 | E26: =集贸价格明细!M522 -> -2.6
A27: 46014 | B27: 12月第3周 | C27: =集贸价格明细!H544 -> 3.03 | D27: =集贸价格明细!K544 -> 0.3 | E27: =集贸价格明细!M544 -> -2.6
A28: 46008 | B28: 12月第2周 | C28: =集贸价格明细!H566 -> 3.02 | D28: =集贸价格明细!K566 -> 0 | E28: =集贸价格明细!M566 -> -2.9
A29: 46000 | B29: 12月第1周 | C29: =集贸价格明细!H588 -> 3.02 | D29: =集贸价格明细!K588 -> 0 | E29: =集贸价格明细!M588 -> -3.2
A30: 45992 | B30: 11月第4周 | C30: =集贸价格明细!H610 -> 3.02 | D30: =集贸价格明细!K610 -> -0.3 | E30: =集贸价格明细!M610 -> -3.2
A31: 45985 | B31: 11月第3周 | C31: =集贸价格明细!H632 -> 3.03 | D31: =集贸价格明细!K632 -> 0 | E31: =集贸价格明细!M632 -> -3.2
A32: 45979 | B32: 11月第2周 | C32: =集贸价格明细!H654 -> 3.03 | D32: =集贸价格明细!K654 -> 0.3 | E32: =集贸价格明细!M654 -> -2.9
A33: 45972 | B33: 11月第1周 | C33: =集贸价格明细!H676 -> 3.02 | D33: =集贸价格明细!K676 -> -0.3 | E33: =集贸价格明细!M676 -> -3.2
A34: 45965 | B34: 10月第4周 | C34: =集贸价格明细!H698 -> 3.03 | D34: =集贸价格明细!K698 -> -0.3 | E34: =集贸价格明细!M698 -> -3.2
A35: 45959 | B35: 10月第3周 | C35: =集贸价格明细!H720 -> 3.04 | D35: =集贸价格明细!K720 -> 0 | E35: =集贸价格明细!M720 -> -2.9
A36: 45950 | B36: 10月第2周 | C36: =集贸价格明细!H742 -> 3.04 | D36: =集贸价格明细!K742 -> 0 | E36: =集贸价格明细!M742 -> -2.9
A37: 45943 | B37: 10月第1周 | C37: =集贸价格明细!H764 -> 3.04 | D37: =集贸价格明细!K764 -> 0 | E37: =集贸价格明细!M764 -> -2.9
A38: 45941 | B38: 9月第5周 | C38: =集贸价格明细!H786 -> 3.04 | D38: =集贸价格明细!K786 -> 0 | E38: =集贸价格明细!M786 -> -3.2
A39: 45929 | B39: 9月第4周 | C39: =集贸价格明细!H808 -> 3.04 | D39: =集贸价格明细!K808 -> 0.3 | E39: =集贸价格明细!M808 -> -3.2
A40: 45922 | B40: 9月第3周 | C40: =集贸价格明细!H830 -> 3.03 | D40: =集贸价格明细!K830 -> 0 | E40: =集贸价格明细!M830 -> -3.5
A41: 45915 | B41: 9月第2周 | C41: =集贸价格明细!H852 -> 3.03 | D41: =集贸价格明细!K852 -> 0 | E41: =集贸价格明细!M852 -> -3.5
A42: 45909 | B42: 9月第1周 | C42: =集贸价格明细!H874 -> 3.03 | D42: =集贸价格明细!K874 -> 0.3 | E42: =集贸价格明细!M874 -> -3.5
A43: 45902 | B43: 8月第4周 | C43: =集贸价格明细!H896 -> 3.02 | D43: =集贸价格明细!K896 -> 0 | E43: =集贸价格明细!M896 -> -4.7
A44: 45894 | B44: 8月第3周 | C44: =集贸价格明细!H918 -> 3.02 | D44: =集贸价格明细!K918 -> 0 | E44: =集贸价格明细!M918 -> -5.6
A45: 45894 | B45: 8月第2周 | C45: =集贸价格明细!H940 -> 3.02 | D45: =集贸价格明细!K940 -> 0 | E45: =集贸价格明细!M940 -> -5.9
A46: 45882 | B46: 8月第1周 | C46: =集贸价格明细!H962 -> 3.02 | D46: =集贸价格明细!K962 -> -0.3 | E46: =集贸价格明细!M962 -> -5.9
A47: 45873 | B47: 7月第5周 | C47: =集贸价格明细!H984 -> 3.03 | D47: =集贸价格明细!K984 -> 0 | E47: =集贸价格明细!M984 -> -5.6
A48: 45867 | B48: 7月第4周 | C48: =集贸价格明细!H1006 -> 3.03 | D48: =集贸价格明细!K1006 -> -0.3 | E48: =集贸价格明细!M1006 -> -5.9
A49: 45860 | B49: 7月第3周 | C49: =集贸价格明细!H1028 -> 3.04 | D49: =集贸价格明细!K1028 -> 0 | E49: =集贸价格明细!M1028 -> -5.9
A50: 45853 | B50: 7月第2周 | C50: =集贸价格明细!H1050 -> 3.04 | D50: =集贸价格明细!K1050 -> 0 | E50: =集贸价格明细!M1050 -> -6.2
A51: 45847 | B51: 7月第1周 | C51: =集贸价格明细!H1072 -> 3.04 | D51: =集贸价格明细!K1072 -> 0 | E51: =集贸价格明细!M1072 -> -6.5
A52: 45840 | B52: 6月第4周 | C52: =集贸价格明细!H1094 -> 3.04 | D52: =集贸价格明细!K1094 -> 0 | E52: =集贸价格明细!M1094 -> -7
A53: 45832 | B53: 6月第3周 | C53: =集贸价格明细!H1116 -> 3.04 | D53: =集贸价格明细!K1116 -> 0 | E53: =集贸价格明细!M1116 -> -7.6
A54: 45825 | B54: 6月第2周 | C54: =集贸价格明细!H1138 -> 3.04 | D54: =集贸价格明细!K1138 -> -0.3 | E54: =集贸价格明细!M1138 -> -7.9
A55: 45818 | B55: 6月第1周 | C55: =集贸价格明细!H1160 -> 3.05 | D55: =集贸价格明细!K1160 -> -0.3 | E55: =集贸价格明细!M1160 -> -8.1
A56: 45812 | B56: 5月第4周 | C56: =集贸价格明细!H1182 -> 3.06 | D56: =集贸价格明细!K1182 -> -0.3 | E56: =集贸价格明细!M1182 -> -8.4
A57: 45804 | B57: 5月第3周 | C57: =集贸价格明细!H1204 -> 3.07 | D57: =集贸价格明细!K1204 -> 0 | E57: =集贸价格明细!M1204 -> -8.9
A58: 45797 | B58: 5月第2周 | C58: =集贸价格明细!H1226 -> 3.07 | D58: =集贸价格明细!K1226 -> 0 | E58: =集贸价格明细!M1226 -> -9.2
A59: 45790 | B59: 5月第1周 | C59: =集贸价格明细!H1248 -> 3.07 | D59: =集贸价格明细!K1248 -> -0.3 | E59: =集贸价格明细!M1248 -> -10
A60: 45784 | B60: 4月第5周 | C60: =集贸价格明细!H1270 -> 3.08 | D60: =集贸价格明细!K1270 -> 0.3 | E60: =集贸价格明细!M1270 -> -9.7
A61: 45776 | B61: 4月第4周 | C61: =集贸价格明细!H1292 -> 3.07 | D61: =集贸价格明细!K1292 -> -0.3 | E61: =集贸价格明细!M1292 -> -10.5
A62: 45769 | B62: 4月第3周 | C62: =集贸价格明细!H1314 -> 3.08 | D62: =集贸价格明细!K1314 -> 0.3 | E62: =集贸价格明细!M1314 -> -10.7
A63: 45763 | B63: 4月第2周 | C63: =集贸价格明细!H1336 -> 3.07 | D63: =集贸价格明细!K1336 -> 0 | E63: =集贸价格明细!M1336 -> -11.5
A64: 45756 | B64: 4月第1周 | C64: =集贸价格明细!H1358 -> 3.07 | D64: =集贸价格明细!K1358 -> -0.3 | E64: =集贸价格明细!M1358 -> -11.8
A65: 45748 | B65: 3月第4周 | C65: =集贸价格明细!H1380 -> 3.08 | D65: =集贸价格明细!K1380 -> -0.3 | E65: =集贸价格明细!M1380 -> -12.3
A66: 45741 | B66: 3月第3周 | C66: =集贸价格明细!H1402 -> 3.09 | D66: =集贸价格明细!K1402 -> 0.3 | E66: =集贸价格明细!M1402 -> -12.5
A67: 45734 | B67: 3月第2周 | C67: =集贸价格明细!H1424 -> 3.08 | D67: =集贸价格明细!K1424 -> 0 | E67: =集贸价格明细!M1424 -> -13.2
A68: 45728 | B68: 3月第1周 | C68: =集贸价格明细!H1445 -> 3.08 | D68: =集贸价格明细!K1445 -> -0.3 | E68: =集贸价格明细!M1445 -> -13.5
A69: 45720 | B69: 2月第4周 | C69: =集贸价格明细!H1466 -> 3.09 | D69: =集贸价格明细!K1466 -> -0.3 | E69: =集贸价格明细!M1466 -> -13.7
A70: 45713 | B70: 2月第3周 | C70: =集贸价格明细!H1486 -> 3.1 | D70: =集贸价格明细!K1486 -> -0.3 | E70: =集贸价格明细!M1486 -> -13.9
A71: 45707 | B71: 2月第2周 | C71: =集贸价格明细!H1506 -> 3.11 | D71: =集贸价格明细!K1506 -> -0.3 | E71: =集贸价格明细!M1506 -> -14.1
A72: 45699 | B72: 2月第1周 | C72: =集贸价格明细!H1526 -> 3.12 | D72: =集贸价格明细!K1526 -> -0.3 | E72: =集贸价格明细!M1526 -> -14
A73: 45695 | B73: 1月第5周 | C73: =集贸价格明细!H1546 -> 3.13 | D73: =集贸价格明细!K1546 -> 0.3 | E73: =集贸价格明细!M1546 -> -13.8
A74: 45693 | B74: 1月第4周 | C74: =集贸价格明细!H1566 -> 3.12 | D74: =集贸价格明细!K1566 -> 0.3 | E74: =集贸价格明细!M1566 -> -14.3
A75: 45678 | B75: 1月第3周 | C75: =集贸价格明细!H1586 -> 3.11 | D75: =集贸价格明细!K1586 -> -0.3 | E75: =集贸价格明细!M1586 -> -14.8
A76: 45671 | B76: 1月第2周 | C76: =集贸价格明细!H1606 -> 3.12 | D76: =集贸价格明细!K1606 -> 0 | E76: =集贸价格明细!M1606 -> -14.8
A77: 45664 | B77: 1月第1周 | C77: =集贸价格明细!H1626 -> 3.12 | D77: =集贸价格明细!K1626 -> 0.3 | E77: =集贸价格明细!M1626 -> -14.8
A78: 45657 | B78: 12月第4周 | C78: =集贸价格明细!H1646 -> 3.11 | D78: =集贸价格明细!K1646 -> 0 | E78: =集贸价格明细!M1646 -> -15
A79: 45650 | B79: 12月第3周 | C79: =集贸价格明细!H1666 -> 3.11 | D79: =集贸价格明细!K1666 -> 0 | E79: =集贸价格明细!M1666 -> -15.3
A80: 45643 | B80: 12月第2周 | C80: =集贸价格明细!H1686 -> 3.11 | D80: =集贸价格明细!K1686 -> -0.3 | E80: =集贸价格明细!M1686 -> -15.3
A81: 45636 | B81: 12月第1周 | C81: =集贸价格明细!H1706 -> 3.12 | D81: =集贸价格明细!K1706 -> 0 | E81: =集贸价格明细!M1706 -> -15.2
A82: 45629 | B82: 11月第4周 | C82: =集贸价格明细!H1726 -> 3.12 | D82: =集贸价格明细!K1726 -> -0.3 | E82: =集贸价格明细!M1726 -> -15.2
A83: 45622 | B83: 11月第3周 | C83: =集贸价格明细!H1746 -> 3.13 | D83: =集贸价格明细!K1746 -> 0.3 | E83: =集贸价格明细!M1746 -> -15.2
A84: 45616 | B84: 11月第2周 | C84: =集贸价格明细!H1766 -> 3.12 | D84: =集贸价格明细!K1766 -> 0 | E84: =集贸价格明细!M1766 -> -15.7
A85: 45607 | B85: 11月第1周 | C85: =集贸价格明细!H1786 -> 3.12 | D85: =集贸价格明细!K1786 -> -0.3 | E85: =集贸价格明细!M1786 -> -15.9
A86: 45601 | B86: 10月第5周 | C86: =集贸价格明细!H1806 -> 3.13 | D86: =集贸价格明细!K1806 -> 0 | E86: =集贸价格明细!M1806 -> -15.9
A87: 45593 | B87: 10月第4周 | C87: =集贸价格明细!H1826 -> 3.13 | D87: =集贸价格明细!K1826 -> 0 | E87: =集贸价格明细!M1826 -> -15.9
A88: 45587 | B88: 10月第3周 | C88: =集贸价格明细!H1846 -> 3.13 | D88: =集贸价格明细!K1846 -> 0 | E88: =集贸价格明细!M1846 -> -16.1
A89: 45580 | B89: 10月第2周 | C89: =集贸价格明细!H1866 -> 3.13 | D89: =集贸价格明细!K1866 -> -0.3 | E89: =集贸价格明细!M1866 -> -16.1
A90: 45575 | B90: 10月第1周 | C90: =集贸价格明细!H1886 -> 3.14 | D90: =集贸价格明细!K1886 -> 0 | E90: =集贸价格明细!M1886 -> -15.8
A91: 45564 | B91: 9月第4周 | C91: =集贸价格明细!H1906 -> 3.14 | D91: =集贸价格明细!K1906 -> 0 | E91: =集贸价格明细!M1906 -> -15.8
A92: 45559 | B92: 9月第3周 | C92: =集贸价格明细!H1926 -> 3.14 | D92: =集贸价格明细!K1926 -> 0 | E92: =集贸价格明细!M1926 -> -15.8
A93: 45553 | B93: 9月第2周 | C93: =集贸价格明细!H1946 -> 3.14 | D93: =集贸价格明细!K1946 -> 0 | E93: =集贸价格明细!M1946 -> -15.4
A94: 45546 | B94: 9月第1周 | C94: =集贸价格明细!H1966 -> 3.14 | D94: =集贸价格明细!K1966 -> -0.9 | E94: =集贸价格明细!M1966 -> -16.5
A95: 45538 | B95: 8月第5周 | C95: =集贸价格明细!H1986 -> 3.17 | D95: =集贸价格明细!K1986 -> -0.9 | E95: =集贸价格明细!M1986 -> -15.7
A96: 45531 | B96: 8月第4周 | C96: =集贸价格明细!H2006 -> 3.2 | D96: =集贸价格明细!K2006 -> -0.3 | E96: =集贸价格明细!M2006 -> -15.1
A97: 45524 | B97: 8月第3周 | C97: =集贸价格明细!H2026 -> 3.21 | D97: =集贸价格明细!K2026 -> 0 | E97: =集贸价格明细!M2026 -> -14.6
A98: 45517 | B98: 8月第2周 | C98: =集贸价格明细!H2046 -> 3.21 | D98: =集贸价格明细!K2046 -> 0 | E98: =集贸价格明细!M2046 -> -14.6
A99: 45509 | B99: 8月第1周 | C99: =集贸价格明细!H2066 -> 3.21 | D99: =集贸价格明细!K2066 -> -0.3 | E99: =集贸价格明细!M2066 -> -14.4
A100: 45503 | B100: 7月第4周 | C100: =集贸价格明细!H2086 -> 3.22 | D100: =集贸价格明细!K2086 -> -0.3 | E100: =集贸价格明细!M2086 -> -14.1
...

Sheet 饲料价格
C1: 指标价格
A2: 时间 | B2: 周期 | C2: 玉米价格（元/kg） | D2: 玉米(东北三省)价格（元/kg） | E2: 玉米(广东省)价格（元/kg） | F2: 豆粕价格（元/kg） | G2: 育肥猪配合饲料价格（元/kg） | H2: 肉鸡配合饲料价格（元/kg） | I2: 蛋鸡配合饲料价格（元/kg） | J2: 玉米环比 | K2: 玉米同比 | L2: 玉米(东北三省)环比 | M2: 玉米(东北三省)同比 | N2: 玉米(广东省)环比 | O2: 玉米(广东省)同比 | P2: 豆粕环比 | Q2: 豆粕同比 | R2: 育肥猪配合饲料环比 | S2: 育肥猪配合饲料同比 | T2: 肉鸡配合饲料环比 | U2: 肉鸡配合饲料同比 | V2: 蛋鸡配合饲料环比 | W2: 蛋鸡配合饲料同比
A3: 46183 | B3: 6月第1周 | C3: =集贸价格明细!H17 -> 2.49 | D3: =集贸价格明细!H18 -> 2.34 | E3: =集贸价格明细!H19 -> 2.54 | F3: =集贸价格明细!H20 -> 3.24 | G3: =集贸价格明细!H21 -> 3.39 | H3: =集贸价格明细!H22 -> 3.52 | I3: =集贸价格明细!H23 -> 3.25 | J3: =集贸价格明细!K17 -> -0.4 | K3: =集贸价格明细!M17 -> 1.2 | L3: =集贸价格明细!K18 -> 0 | M3: =集贸价格明细!M18 -> 0 | N3: =集贸价格明细!K19 -> 0 | O3: =集贸价格明细!M19 -> 0 | P3: =集贸价格明细!K20 -> -0.6 | Q3: =集贸价格明细!M20 -> -4.7 | R3: =集贸价格明细!K21 -> 0 | S3: =集贸价格明细!M21 -> -0.3 | T3: =集贸价格明细!K22 -> 0 | U3: =集贸价格明细!M22 -> -0.3 | V3: =集贸价格明细!K23 -> 0 | W3: =集贸价格明细!M23 -> 0
A4: 46176 | B4: 5月第4周 | C4: =集贸价格明细!H39 -> 2.5 | D4: =集贸价格明细!H40 -> 2.34 | E4: =集贸价格明细!H41 -> 2.54 | F4: =集贸价格明细!H42 -> 3.26 | G4: =集贸价格明细!H43 -> 3.39 | H4: =集贸价格明细!H44 -> 3.52 | I4: =集贸价格明细!H45 -> 3.25 | J4: =集贸价格明细!K39 -> 0 | K4: =集贸价格明细!M39 -> 2 | L4: =集贸价格明细!K40 -> 0 | M4: =集贸价格明细!M40 -> 0 | N4: =集贸价格明细!K41 -> 0 | O4: =集贸价格明细!M41 -> 0 | P4: =集贸价格明细!K42 -> -0.6 | Q4: =集贸价格明细!M42 -> -5.8 | R4: =集贸价格明细!K43 -> 0 | S4: =集贸价格明细!M43 -> -0.6 | T4: =集贸价格明细!K44 -> -0.3 | U4: =集贸价格明细!M44 -> -0.3 | V4: =集贸价格明细!K45 -> 0 | W4: =集贸价格明细!M45 -> 0
A5: 46168 | B5: 5月第3周 | C5: =集贸价格明细!H61 -> 2.5 | D5: =集贸价格明细!H62 -> 2.34 | E5: =集贸价格明细!H63 -> 2.54 | F5: =集贸价格明细!H64 -> 3.28 | G5: =集贸价格明细!H65 -> 3.39 | H5: =集贸价格明细!H66 -> 3.53 | I5: =集贸价格明细!H67 -> 3.25 | J5: =集贸价格明细!K61 -> 0 | K5: =集贸价格明细!M61 -> 2 | L5: =集贸价格明细!K62 -> 0 | M5: =集贸价格明细!M62 -> 0 | N5: =集贸价格明细!K63 -> 0 | O5: =集贸价格明细!M63 -> 0 | P5: =集贸价格明细!K64 -> -0.3 | Q5: =集贸价格明细!M64 -> -6.6 | R5: =集贸价格明细!K65 -> -0.3 | S5: =集贸价格明细!M65 -> -0.9 | T5: =集贸价格明细!K66 -> 0 | U5: =集贸价格明细!M66 -> 0 | V5: =集贸价格明细!K67 -> 0 | W5: =集贸价格明细!M67 -> 0
A6: 46162 | B6: 5月第2周 | C6: =集贸价格明细!H83 -> 2.5 | D6: =集贸价格明细!H84 -> 2.34 | E6: =集贸价格明细!H85 -> 2.54 | F6: =集贸价格明细!H86 -> 3.29 | G6: =集贸价格明细!H87 -> 3.4 | H6: =集贸价格明细!H88 -> 3.53 | I6: =集贸价格明细!H89 -> 3.25 | J6: =集贸价格明细!K83 -> 0 | K6: =集贸价格明细!M83 -> 2.9 | L6: =集贸价格明细!K84 -> 0 | M6: =集贸价格明细!M84 -> 0 | N6: =集贸价格明细!K85 -> -0.4 | O6: =集贸价格明细!M85 -> 0 | P6: =集贸价格明细!K86 -> -0.3 | Q6: =集贸价格明细!M86 -> -8.9 | R6: =集贸价格明细!K87 -> 0 | S6: =集贸价格明细!M87 -> -0.9 | T6: =集贸价格明细!K88 -> 0 | U6: =集贸价格明细!M88 -> -0.3 | V6: =集贸价格明细!K89 -> -0.3 | W6: =集贸价格明细!M89 -> -0.3
A7: 46156 | B7: 5月第1周 | C7: =集贸价格明细!H105 -> 2.5 | D7: =集贸价格明细!H106 -> 2.34 | E7: =集贸价格明细!H107 -> 2.55 | F7: =集贸价格明细!H108 -> 3.3 | G7: =集贸价格明细!H109 -> 3.4 | H7: =集贸价格明细!H110 -> 3.53 | I7: =集贸价格明细!H111 -> 3.26 | J7: =集贸价格明细!K105 -> 0 | K7: =集贸价格明细!M105 -> 3.3 | L7: =集贸价格明细!K106 -> 0 | M7: =集贸价格明细!M106 -> 0 | N7: =集贸价格明细!K107 -> 0 | O7: =集贸价格明细!M107 -> 0 | P7: =集贸价格明细!K108 -> -0.3 | Q7: =集贸价格明细!M108 -> -10.6 | R7: =集贸价格明细!K109 -> 0 | S7: =集贸价格明细!M109 -> -0.9 | T7: =集贸价格明细!K110 -> 0 | U7: =集贸价格明细!M110 -> -0.3 | V7: =集贸价格明细!K111 -> 0 | W7: =集贸价格明细!M111 -> -0.3
A8: 46151 | B8: 4月第5周 | C8: =集贸价格明细!H127 -> 2.5 | D8: =集贸价格明细!H128 -> 2.34 | E8: =集贸价格明细!H129 -> 2.55 | F8: =集贸价格明细!H130 -> 3.31 | G8: =集贸价格明细!H131 -> 3.4 | H8: =集贸价格明细!H132 -> 3.53 | I8: =集贸价格明细!H133 -> 3.26 | J8: =集贸价格明细!K127 -> 0 | K8: =集贸价格明细!M127 -> 4.2 | L8: =集贸价格明细!K128 -> 0 | M8: =集贸价格明细!M128 -> 0 | N8: =集贸价格明细!K129 -> -0.4 | O8: =集贸价格明细!M129 -> 0 | P8: =集贸价格明细!K130 -> -0.9 | Q8: =集贸价格明细!M130 -> -12.2 | R8: =集贸价格明细!K131 -> -0.3 | S8: =集贸价格明细!M131 -> -0.9 | T8: =集贸价格明细!K132 -> 0 | U8: =集贸价格明细!M132 -> -0.6 | V8: =集贸价格明细!K133 -> 0 | W8: =集贸价格明细!M133 -> -0.3
A9: 46151 | B9: 4月第4周 | C9: =集贸价格明细!H149 -> 2.5 | D9: =集贸价格明细!H150 -> 2.34 | E9: =集贸价格明细!H151 -> 2.56 | F9: =集贸价格明细!H152 -> 3.34 | G9: =集贸价格明细!H153 -> 3.41 | H9: =集贸价格明细!H154 -> 3.53 | I9: =集贸价格明细!H155 -> 3.26 | J9: =集贸价格明细!K149 -> 0 | K9: =集贸价格明细!M149 -> 5 | L9: =集贸价格明细!K150 -> 0 | M9: =集贸价格明细!M150 -> 0 | N9: =集贸价格明细!K151 -> 0 | O9: =集贸价格明细!M151 -> 0 | P9: =集贸价格明细!K152 -> -0.9 | Q9: =集贸价格明细!M152 -> -9.7 | R9: =集贸价格明细!K153 -> 0 | S9: =集贸价格明细!M153 -> 0 | T9: =集贸价格明细!K154 -> -0.3 | U9: =集贸价格明细!M154 -> 0 | V9: =集贸价格明细!K155 -> 0 | W9: =集贸价格明细!M155 -> 0
A10: 46134 | B10: 4月第3周 | C10: =集贸价格明细!H171 -> 2.5 | D10: =集贸价格明细!H172 -> 2.34 | E10: =集贸价格明细!H173 -> 2.56 | F10: =集贸价格明细!H174 -> 3.37 | G10: =集贸价格明细!H175 -> 3.41 | H10: =集贸价格明细!H176 -> 3.54 | I10: =集贸价格明细!H177 -> 3.26 | J10: =集贸价格明细!K171 -> 0 | K10: =集贸价格明细!M171 -> 5 | L10: =集贸价格明细!K172 -> 0 | M10: =集贸价格明细!M172 -> 0 | N10: =集贸价格明细!K173 -> -0.4 | O10: =集贸价格明细!M173 -> 0 | P10: =集贸价格明细!K174 -> -1.2 | Q10: =集贸价格明细!M174 -> -6.6 | R10: =集贸价格明细!K175 -> 0 | S10: =集贸价格明细!M175 -> 0.3 | T10: =集贸价格明细!K176 -> 0 | U10: =集贸价格明细!M176 -> 0.6 | V10: =集贸价格明细!K177 -> 0 | W10: =集贸价格明细!M177 -> 0.3
A11: 46127 | B11: 4月第2周 | C11: =集贸价格明细!H193 -> 2.5 | D11: =集贸价格明细!H194 -> 2.34 | E11: =集贸价格明细!H195 -> 2.57 | F11: =集贸价格明细!H196 -> 3.41 | G11: =集贸价格明细!H197 -> 3.41 | H11: =集贸价格明细!H198 -> 3.54 | I11: =集贸价格明细!H199 -> 3.26 | J11: =集贸价格明细!K193 -> 0 | K11: =集贸价格明细!M193 -> 5.5 | L11: =集贸价格明细!K194 -> 0.4 | M11: =集贸价格明细!M194 -> 0 | N11: =集贸价格明细!K195 -> 0 | O11: =集贸价格明细!M195 -> 0 | P11: =集贸价格明细!K196 -> -0.9 | Q11: =集贸价格明细!M196 -> -3.9 | R11: =集贸价格明细!K197 -> 0 | S11: =集贸价格明细!M197 -> 0.3 | T11: =集贸价格明细!K198 -> 0 | U11: =集贸价格明细!M198 -> 0.6 | V11: =集贸价格明细!K199 -> -0.3 | W11: =集贸价格明细!M199 -> 0.3
A12: 46120 | B12: 4月第1周 | C12: =集贸价格明细!H215 -> 2.5 | D12: =集贸价格明细!H216 -> 2.33 | E12: =集贸价格明细!H217 -> 2.57 | F12: =集贸价格明细!H218 -> 3.44 | G12: =集贸价格明细!H219 -> 3.41 | H12: =集贸价格明细!H220 -> 3.54 | I12: =集贸价格明细!H221 -> 3.27 | J12: =集贸价格明细!K215 -> 0 | K12: =集贸价格明细!M215 -> 5.9 | L12: =集贸价格明细!K216 -> 0 | M12: =集贸价格明细!M216 -> 0 | N12: =集贸价格明细!K217 -> 0.4 | O12: =集贸价格明细!M217 -> 0 | P12: =集贸价格明细!K218 -> -0.6 | Q12: =集贸价格明细!M218 -> -2.8 | R12: =集贸价格明细!K219 -> 0 | S12: =集贸价格明细!M219 -> 0.3 | T12: =集贸价格明细!K220 -> 0.3 | U12: =集贸价格明细!M220 -> 0.6 | V12: =集贸价格明细!K221 -> 0.3 | W12: =集贸价格明细!M221 -> 0.9
A13: 46111 | B13: 3月第4周 | C13: =集贸价格明细!H237 -> 2.5 | D13: =集贸价格明细!H238 -> 2.33 | E13: =集贸价格明细!H239 -> 2.56 | F13: =集贸价格明细!H240 -> 3.46 | G13: =集贸价格明细!H241 -> 3.41 | H13: =集贸价格明细!H242 -> 3.53 | I13: =集贸价格明细!H243 -> 3.26 | J13: =集贸价格明细!K237 -> 0.4 | K13: =集贸价格明细!M237 -> 5.9 | L13: =集贸价格明细!K238 -> 0.4 | M13: =集贸价格明细!M238 -> 0 | N13: =集贸价格明细!K239 -> 0 | O13: =集贸价格明细!M239 -> 0 | P13: =集贸价格明细!K240 -> 0.6 | Q13: =集贸价格明细!M240 -> -3.9 | R13: =集贸价格明细!K241 -> 0.3 | S13: =集贸价格明细!M241 -> 0 | T13: =集贸价格明细!K242 -> 0 | U13: =集贸价格明细!M242 -> 0 | V13: =集贸价格明细!K243 -> 0 | W13: =集贸价格明细!M243 -> 0.6
A14: 46106 | B14: 3月第3周 | C14: =集贸价格明细!H259 -> 2.49 | D14: =集贸价格明细!H260 -> 2.32 | E14: =集贸价格明细!H261 -> 2.56 | F14: =集贸价格明细!H262 -> 3.44 | G14: =集贸价格明细!H263 -> 3.4 | H14: =集贸价格明细!H264 -> 3.53 | I14: =集贸价格明细!H265 -> 3.26 | J14: =集贸价格明细!K259 -> 0.8 | K14: =集贸价格明细!M259 -> 6 | L14: =集贸价格明细!K260 -> 0.4 | M14: =集贸价格明细!M260 -> 0 | N14: =集贸价格明细!K261 -> 1.2 | O14: =集贸价格明细!M261 -> 0 | P14: =集贸价格明细!K262 -> 1.8 | Q14: =集贸价格明细!M262 -> -6.8 | R14: =集贸价格明细!K263 -> 0.3 | S14: =集贸价格明细!M263 -> -0.6 | T14: =集贸价格明细!K264 -> 0.3 | U14: =集贸价格明细!M264 -> -0.6 | V14: =集贸价格明细!K265 -> 0.6 | W14: =集贸价格明细!M265 -> 0.3
A15: 46099 | B15: 3月第2周 | C15: =集贸价格明细!H281 -> 2.47 | D15: =集贸价格明细!H282 -> 2.31 | E15: =集贸价格明细!H283 -> 2.53 | F15: =集贸价格明细!H284 -> 3.38 | G15: =集贸价格明细!H285 -> 3.39 | H15: =集贸价格明细!H286 -> 3.52 | I15: =集贸价格明细!H287 -> 3.24 | J15: =集贸价格明细!K281 -> 0.8 | K15: =集贸价格明细!M281 -> 5.6 | L15: =集贸价格明细!K282 -> 1.3 | M15: =集贸价格明细!M282 -> 0 | N15: =集贸价格明细!K283 -> 0.8 | O15: =集贸价格明细!M283 -> 0 | P15: =集贸价格明细!K284 -> 1.8 | Q15: =集贸价格明细!M284 -> -9.6 | R15: =集贸价格明细!K285 -> 0.3 | S15: =集贸价格明细!M285 -> -1.2 | T15: =集贸价格明细!K286 -> 0.3 | U15: =集贸价格明细!M286 -> -0.8 | V15: =集贸价格明细!K287 -> 0.3 | W15: =集贸价格明细!M287 -> -0.3
A16: 46091 | B16: 3月第1周 | C16: =集贸价格明细!H303 -> 2.45 | D16: =集贸价格明细!H304 -> 2.28 | E16: =集贸价格明细!H305 -> 2.51 | F16: =集贸价格明细!H306 -> 3.32 | G16: =集贸价格明细!H307 -> 3.38 | H16: =集贸价格明细!H308 -> 3.51 | I16: =集贸价格明细!H309 -> 3.23 | J16: =集贸价格明细!K303 -> 0 | K16: =集贸价格明细!M303 -> 5.2 | L16: =集贸价格明细!K304 -> 0 | M16: =集贸价格明细!M304 -> 0 | N16: =集贸价格明细!K305 -> 0 | O16: =集贸价格明细!M305 -> 0 | P16: =集贸价格明细!K306 -> 0 | Q16: =集贸价格明细!M306 -> -11.7 | R16: =集贸价格明细!K307 -> 0.3 | S16: =集贸价格明细!M307 -> -1.2 | T16: =集贸价格明细!K308 -> 0 | U16: =集贸价格明细!M308 -> -0.8 | V16: =集贸价格明细!K309 -> 0 | W16: =集贸价格明细!M309 -> -0.6
A17: 46084 | B17: 2月第4周 | C17: =集贸价格明细!H325 -> 2.45 | D17: =集贸价格明细!H326 -> 2.28 | E17: =集贸价格明细!H327 -> 2.51 | F17: =集贸价格明细!H328 -> 3.32 | G17: =集贸价格明细!H329 -> 3.37 | H17: =集贸价格明细!H330 -> 3.51 | I17: =集贸价格明细!H331 -> 3.23 | J17: =集贸价格明细!K325 -> 0 | K17: =集贸价格明细!M325 -> 6.1 | L17: =集贸价格明细!K326 -> 0 | M17: =集贸价格明细!M326 -> 0 | N17: =集贸价格明细!K327 -> -0.4 | O17: =集贸价格明细!M327 -> 0 | P17: =集贸价格明细!K328 -> 0 | Q17: =集贸价格明细!M328 -> -10.8 | R17: =集贸价格明细!K329 -> 0 | S17: =集贸价格明细!M329 -> -0.9 | T17: =集贸价格明细!K330 -> 0 | U17: =集贸价格明细!M330 -> -0.6 | V17: =集贸价格明细!K331 -> 0 | W17: =集贸价格明细!M331 -> 0
A18: 46083 | B18: 2月第3周 | C18: =集贸价格明细!H347 -> 2.45 | D18: =集贸价格明细!H348 -> 2.28 | E18: =集贸价格明细!H349 -> 2.52 | F18: =集贸价格明细!H350 -> 3.32 | G18: =集贸价格明细!H351 -> 3.37 | H18: =集贸价格明细!H352 -> 3.51 | I18: =集贸价格明细!H353 -> 3.23 | J18: =集贸价格明细!K347 -> 0 | K18: =集贸价格明细!M347 -> 6.5 | L18: =集贸价格明细!K348 -> 0.4 | M18: =集贸价格明细!M348 -> 0 | N18: =集贸价格明细!K349 -> 0 | O18: =集贸价格明细!M349 -> 0 | P18: =集贸价格明细!K350 -> -0.3 | Q18: =集贸价格明细!M350 -> -9.3 | R18: =集贸价格明细!K351 -> 0 | S18: =集贸价格明细!M351 -> -0.6 | T18: =集贸价格明细!K352 -> 0 | U18: =集贸价格明细!M352 -> 0 | V18: =集贸价格明细!K353 -> 0 | W18: =集贸价格明细!M353 -> 0.3
A19: 46079 | B19: 2月第2周 | C19: =集贸价格明细!H369 -> 2.45 | D19: =集贸价格明细!H370 -> 2.27 | E19: =集贸价格明细!H371 -> 2.52 | F19: =集贸价格明细!H372 -> 3.33 | G19: =集贸价格明细!H373 -> 3.37 | H19: =集贸价格明细!H374 -> 3.51 | I19: =集贸价格明细!H375 -> 3.23 | J19: =集贸价格明细!K369 -> 0 | K19: =集贸价格明细!M369 -> 7 | L19: =集贸价格明细!K370 -> -0.4 | M19: =集贸价格明细!M370 -> 0 | N19: =集贸价格明细!K371 -> -0.4 | O19: =集贸价格明细!M371 -> 0 | P19: =集贸价格明细!K372 -> 0 | Q19: =集贸价格明细!M372 -> -6.7 | R19: =集贸价格明细!K373 -> 0 | S19: =集贸价格明细!M373 -> 0 | T19: =集贸价格明细!K374 -> 0 | U19: =集贸价格明细!M374 -> 0.6 | V19: =集贸价格明细!K375 -> 0 | W19: =集贸价格明细!M375 -> 0.9
A20: 46063 | B20: 2月第1周 | C20: =集贸价格明细!H391 -> 2.45 | D20: =集贸价格明细!H392 -> 2.28 | E20: =集贸价格明细!H393 -> 2.53 | F20: =集贸价格明细!H394 -> 3.33 | G20: =集贸价格明细!H395 -> 3.37 | H20: =集贸价格明细!H396 -> 3.51 | I20: =集贸价格明细!H397 -> 3.23 | J20: =集贸价格明细!K391 -> 0 | K20: =集贸价格明细!M391 -> 7.9 | L20: =集贸价格明细!K392 -> 0 | M20: =集贸价格明细!M392 -> 0 | N20: =集贸价格明细!K393 -> 0.4 | O20: =集贸价格明细!M393 -> 0 | P20: =集贸价格明细!K394 -> -0.3 | Q20: =集贸价格明细!M394 -> -0.6 | R20: =集贸价格明细!K395 -> 0 | S20: =集贸价格明细!M395 -> 0.9 | T20: =集贸价格明细!K396 -> 0 | U20: =集贸价格明细!M396 -> 1.4 | V20: =集贸价格明细!K397 -> 0 | W20: =集贸价格明细!M397 -> 1.9
A21: 46057 | B21: 1月第5周 | C21: =集贸价格明细!H413 -> 2.45 | D21: =集贸价格明细!H414 -> 2.28 | E21: =集贸价格明细!H415 -> 2.52 | F21: =集贸价格明细!H416 -> 3.34 | G21: =集贸价格明细!H417 -> 3.37 | H21: =集贸价格明细!H418 -> 3.51 | I21: =集贸价格明细!H419 -> 3.23 | J21: =集贸价格明细!K413 -> 0.4 | K21: =集贸价格明细!M413 -> 7.9 | L21: =集贸价格明细!K414 -> 0 | M21: =集贸价格明细!M414 -> 0 | N21: =集贸价格明细!K415 -> 0.4 | O21: =集贸价格明细!M415 -> 0 | P21: =集贸价格明细!K416 -> 0.3 | Q21: =集贸价格明细!M416 -> 0.6 | R21: =集贸价格明细!K417 -> 0 | S21: =集贸价格明细!M417 -> 0.9 | T21: =集贸价格明细!K418 -> 0 | U21: =集贸价格明细!M418 -> 1.4 | V21: =集贸价格明细!K419 -> 0 | W21: =集贸价格明细!M419 -> 1.9
A22: 46049 | B22: 1月第4周 | C22: =集贸价格明细!H435 -> 2.44 | D22: =集贸价格明细!H436 -> 2.28 | E22: =集贸价格明细!H437 -> 2.51 | F22: =集贸价格明细!H438 -> 3.33 | G22: =集贸价格明细!H439 -> 3.37 | H22: =集贸价格明细!H440 -> 3.51 | I22: =集贸价格明细!H441 -> 3.23 | J22: =集贸价格明细!K435 -> 0 | K22: =集贸价格明细!M435 -> 7.5 | L22: =集贸价格明细!K436 -> 0 | M22: =集贸价格明细!M436 -> 0 | N22: =集贸价格明细!K437 -> 0 | O22: =集贸价格明细!M437 -> 0 | P22: =集贸价格明细!K438 -> 0 | Q22: =集贸价格明细!M438 -> 0.9 | R22: =集贸价格明细!K439 -> 0.3 | S22: =集贸价格明细!M439 -> 0.9 | T22: =集贸价格明细!K440 -> 0 | U22: =集贸价格明细!M440 -> 1.4 | V22: =集贸价格明细!K441 -> 0 | W22: =集贸价格明细!M441 -> 1.9
A23: 46045 | B23: 1月第3周 | C23: =集贸价格明细!H457 -> 2.44 | D23: =集贸价格明细!H458 -> 2.28 | E23: =集贸价格明细!H459 -> 2.51 | F23: =集贸价格明细!H460 -> 3.33 | G23: =集贸价格明细!H461 -> 3.36 | H23: =集贸价格明细!H462 -> 3.51 | I23: =集贸价格明细!H463 -> 3.23 | J23: =集贸价格明细!K457 -> 0.4 | K23: =集贸价格明细!M457 -> 7.5 | L23: =集贸价格明细!K458 -> 0.9 | M23: =集贸价格明细!M458 -> 0 | N23: =集贸价格明细!K459 -> 0.4 | O23: =集贸价格明细!M459 -> 0 | P23: =集贸价格明细!K460 -> 0.3 | Q23: =集贸价格明细!M460 -> 2.1 | R23: =集贸价格明细!K461 -> 0 | S23: =集贸价格明细!M461 -> 0.6 | T23: =集贸价格明细!K462 -> 0.3 | U23: =集贸价格明细!M462 -> 1.2 | V23: =集贸价格明细!K463 -> 0 | W23: =集贸价格明细!M463 -> 1.9
A24: 46035 | B24: 1月第2周 | C24: =集贸价格明细!H479 -> 2.43 | D24: =集贸价格明细!H480 -> 2.26 | E24: =集贸价格明细!H481 -> 2.5 | F24: =集贸价格明细!H482 -> 3.32 | G24: =集贸价格明细!H483 -> 3.36 | H24: =集贸价格明细!H484 -> 3.5 | I24: =集贸价格明细!H485 -> 3.23 | J24: =集贸价格明细!K479 -> -0.4 | K24: =集贸价格明细!M479 -> 6.6 | L24: =集贸价格明细!K480 -> -0.4 | M24: =集贸价格明细!M480 -> 0 | N24: =集贸价格明细!K481 -> 0 | O24: =集贸价格明细!M481 -> 0 | P24: =集贸价格明细!K482 -> 0.3 | Q24: =集贸价格明细!M482 -> 3.1 | R24: =集贸价格明细!K483 -> 0 | S24: =集贸价格明细!M483 -> 0.3 | T24: =集贸价格明细!K484 -> 0 | U24: =集贸价格明细!M484 -> 0.9 | V24: =集贸价格明细!K485 -> 0.3 | W24: =集贸价格明细!M485 -> 1.9
A25: 46027 | B25: 1月第1周 | C25: =集贸价格明细!H501 -> 2.44 | D25: =集贸价格明细!H502 -> 2.27 | E25: =集贸价格明细!H503 -> 2.5 | F25: =集贸价格明细!H504 -> 3.31 | G25: =集贸价格明细!H505 -> 3.36 | H25: =集贸价格明细!H506 -> 3.5 | I25: =集贸价格明细!H507 -> 3.22 | J25: =集贸价格明细!K501 -> 0.4 | K25: =集贸价格明细!M501 -> 6.6 | L25: =集贸价格明细!K502 -> 0.4 | M25: =集贸价格明细!M502 -> 0 | N25: =集贸价格明细!K503 -> 0 | O25: =集贸价格明细!M503 -> 0 | P25: =集贸价格明细!K504 -> 0.3 | Q25: =集贸价格明细!M504 -> 2.5 | R25: =集贸价格明细!K505 -> 0 | S25: =集贸价格明细!M505 -> 0.3 | T25: =集贸价格明细!K506 -> 0 | U25: =集贸价格明细!M506 -> 0.9 | V25: =集贸价格明细!K507 -> 0 | W25: =集贸价格明细!M507 -> 1.3
A26: 46021 | B26: 12月第4周 | C26: =集贸价格明细!H523 -> 2.43 | D26: =集贸价格明细!H524 -> 2.26 | E26: =集贸价格明细!H525 -> 2.5 | F26: =集贸价格明细!H526 -> 3.3 | G26: =集贸价格明细!H527 -> 3.36 | H26: =集贸价格明细!H528 -> 3.5 | I26: =集贸价格明细!H529 -> 3.22 | J26: =集贸价格明细!K523 -> 0 | K26: =集贸价格明细!M523 -> 5.7 | L26: =集贸价格明细!K524 -> 0.4 | M26: =集贸价格明细!M524 -> 0 | N26: =集贸价格明细!K525 -> 0 | O26: =集贸价格明细!M525 -> 0 | P26: =集贸价格明细!K526 -> 0 | Q26: =集贸价格明细!M526 -> 2.2 | R26: =集贸价格明细!K527 -> 0 | S26: =集贸价格明细!M527 -> 0 | T26: =集贸价格明细!K528 -> 0 | U26: =集贸价格明细!M528 -> 0.6 | V26: =集贸价格明细!K529 -> 0 | W26: =集贸价格明细!M529 -> 1.3
A27: 46014 | B27: 12月第3周 | C27: =集贸价格明细!H545 -> 2.43 | D27: =集贸价格明细!H546 -> 2.25 | E27: =集贸价格明细!H547 -> 2.5 | F27: =集贸价格明细!H548 -> 3.3 | G27: =集贸价格明细!H549 -> 3.36 | H27: =集贸价格明细!H550 -> 3.5 | I27: =集贸价格明细!H551 -> 3.22 | J27: =集贸价格明细!K545 -> 0 | K27: =集贸价格明细!M545 -> 5.2 | L27: =集贸价格明细!K546 -> 0.9 | M27: =集贸价格明细!M546 -> 0 | N27: =集贸价格明细!K547 -> 0 | O27: =集贸价格明细!M547 -> 0 | P27: =集贸价格明细!K548 -> 0.3 | Q27: =集贸价格明细!M548 -> 1.2 | R27: =集贸价格明细!K549 -> 0 | S27: =集贸价格明细!M549 -> 0 | T27: =集贸价格明细!K550 -> 0 | U27: =集贸价格明细!M550 -> 0.3 | V27: =集贸价格明细!K551 -> 0 | W27: =集贸价格明细!M551 -> 0.9
A28: 46008 | B28: 12月第2周 | C28: =集贸价格明细!H567 -> 2.43 | D28: =集贸价格明细!H568 -> 2.23 | E28: =集贸价格明细!H569 -> 2.5 | F28: =集贸价格明细!H570 -> 3.29 | G28: =集贸价格明细!H571 -> 3.36 | H28: =集贸价格明细!H572 -> 3.5 | I28: =集贸价格明细!H573 -> 3.22 | J28: =集贸价格明细!K567 -> 0 | K28: =集贸价格明细!M567 -> 4.7 | L28: =集贸价格明细!K568 -> -0.4 | M28: =集贸价格明细!M568 -> 0 | N28: =集贸价格明细!K569 -> 0.8 | O28: =集贸价格明细!M569 -> 0 | P28: =集贸价格明细!K570 -> -0.3 | Q28: =集贸价格明细!M570 -> 0.3 | R28: =集贸价格明细!K571 -> 0 | S28: =集贸价格明细!M571 -> -0.3 | T28: =集贸价格明细!K572 -> 0.3 | U28: =集贸价格明细!M572 -> 0 | V28: =集贸价格明细!K573 -> 0 | W28: =集贸价格明细!M573 -> 0.9
A29: 46000 | B29: 12月第1周 | C29: =集贸价格明细!H589 -> 2.43 | D29: =集贸价格明细!H590 -> 2.24 | E29: =集贸价格明细!H591 -> 2.48 | F29: =集贸价格明细!H592 -> 3.3 | G29: =集贸价格明细!H593 -> 3.36 | H29: =集贸价格明细!H594 -> 3.49 | I29: =集贸价格明细!H595 -> 3.22 | J29: =集贸价格明细!K589 -> 0 | K29: =集贸价格明细!M589 -> 3.8 | L29: =集贸价格明细!K590 -> 0.4 | M29: =集贸价格明细!M590 -> 0 | N29: =集贸价格明细!K591 -> 0.8 | O29: =集贸价格明细!M591 -> 0 | P29: =集贸价格明细!K592 -> 0.3 | Q29: =集贸价格明细!M592 -> -0.3 | R29: =集贸价格明细!K593 -> 0.3 | S29: =集贸价格明细!M593 -> -0.6 | T29: =集贸价格明细!K594 -> 0 | U29: =集贸价格明细!M594 -> -0.3 | V29: =集贸价格明细!K595 -> 0.3 | W29: =集贸价格明细!M595 -> 0.6
A30: 45992 | B30: 11月第4周 | C30: =集贸价格明细!H611 -> 2.43 | D30: =集贸价格明细!H612 -> 2.23 | E30: =集贸价格明细!H613 -> 2.46 | F30: =集贸价格明细!H614 -> 3.29 | G30: =集贸价格明细!H615 -> 3.35 | H30: =集贸价格明细!H616 -> 3.49 | I30: =集贸价格明细!H617 -> 3.21 | J30: =集贸价格明细!K611 -> 0 | K30: =集贸价格明细!M611 -> 3.8 | L30: =集贸价格明细!K612 -> 0 | M30: =集贸价格明细!M612 -> 0 | N30: =集贸价格明细!K613 -> -0.8 | O30: =集贸价格明细!M613 -> 0 | P30: =集贸价格明细!K614 -> 0 | Q30: =集贸价格明细!M614 -> -1.2 | R30: =集贸价格明细!K615 -> -0.3 | S30: =集贸价格明细!M615 -> -0.9 | T30: =集贸价格明细!K616 -> 0 | U30: =集贸价格明细!M616 -> -0.6 | V30: =集贸价格明细!K617 -> 0 | W30: =集贸价格明细!M617 -> 0
A31: 45985 | B31: 11月第3周 | C31: =集贸价格明细!H633 -> 2.43 | D31: =集贸价格明细!H634 -> 2.23 | E31: =集贸价格明细!H635 -> 2.48 | F31: =集贸价格明细!H636 -> 3.29 | G31: =集贸价格明细!H637 -> 3.36 | H31: =集贸价格明细!H638 -> 3.49 | I31: =集贸价格明细!H639 -> 3.21 | J31: =集贸价格明细!K633 -> 0 | K31: =集贸价格明细!M633 -> 3.4 | L31: =集贸价格明细!K634 -> 0 | M31: =集贸价格明细!M634 -> 0 | N31: =集贸价格明细!K635 -> 0.8 | O31: =集贸价格明细!M635 -> 0 | P31: =集贸价格明细!K636 -> 0 | Q31: =集贸价格明细!M636 -> -1.8 | R31: =集贸价格明细!K637 -> 0 | S31: =集贸价格明细!M637 -> -0.9 | T31: =集贸价格明细!K638 -> 0 | U31: =集贸价格明细!M638 -> -0.6 | V31: =集贸价格明细!K639 -> -0.3 | W31: =集贸价格明细!M639 -> 0
A32: 45979 | B32: 11月第2周 | C32: =集贸价格明细!H655 -> 2.43 | D32: =集贸价格明细!H656 -> 2.23 | E32: =集贸价格明细!H657 -> 2.46 | F32: =集贸价格明细!H658 -> 3.29 | G32: =集贸价格明细!H659 -> 3.36 | H32: =集贸价格明细!H660 -> 3.49 | I32: =集贸价格明细!H661 -> 3.22 | J32: =集贸价格明细!K655 -> -0.4 | K32: =集贸价格明细!M655 -> 3 | L32: =集贸价格明细!K656 -> 0 | M32: =集贸价格明细!M656 -> 0 | N32: =集贸价格明细!K657 -> -1.2 | O32: =集贸价格明细!M657 -> 0 | P32: =集贸价格明细!K658 -> 0.3 | Q32: =集贸价格明细!M658 -> -2.4 | R32: =集贸价格明细!K659 -> 0 | S32: =集贸价格明细!M659 -> -1.2 | T32: =集贸价格明细!K660 -> -0.3 | U32: =集贸价格明细!M660 -> -0.9 | V32: =集贸价格明细!K661 -> 0 | W32: =集贸价格明细!M661 -> 0
A33: 45972 | B33: 11月第1周 | C33: =集贸价格明细!H677 -> 2.44 | D33: =集贸价格明细!H678 -> 2.23 | E33: =集贸价格明细!H679 -> 2.49 | F33: =集贸价格明细!H680 -> 3.28 | G33: =集贸价格明细!H681 -> 3.36 | H33: =集贸价格明细!H682 -> 3.5 | I33: =集贸价格明细!H683 -> 3.22 | J33: =集贸价格明细!K677 -> -0.4 | K33: =集贸价格明细!M677 -> 3 | L33: =集贸价格明细!K678 -> -0.5 | M33: =集贸价格明细!M678 -> 0 | N33: =集贸价格明细!K679 -> 0.4 | O33: =集贸价格明细!M679 -> 0 | P33: =集贸价格明细!K680 -> 0.6 | Q33: =集贸价格明细!M680 -> -1.8 | R33: =集贸价格明细!K681 -> 0 | S33: =集贸价格明细!M681 -> -1.2 | T33: =集贸价格明细!K682 -> 0 | U33: =集贸价格明细!M682 -> -0.6 | V33: =集贸价格明细!K683 -> 0 | W33: =集贸价格明细!M683 -> 0.3
A34: 45965 | B34: 10月第4周 | C34: =集贸价格明细!H699 -> 2.45 | D34: =集贸价格明细!H700 -> 2.24 | E34: =集贸价格明细!H701 -> 2.48 | F34: =集贸价格明细!H702 -> 3.26 | G34: =集贸价格明细!H703 -> 3.36 | H34: =集贸价格明细!H704 -> 3.5 | I34: =集贸价格明细!H705 -> 3.22 | J34: =集贸价格明细!K699 -> -0.4 | K34: =集贸价格明细!M699 -> 2.9 | L34: =集贸价格明细!K700 -> -0.4 | M34: =集贸价格明细!M700 -> 0 | N34: =集贸价格明细!K701 -> -1.2 | O34: =集贸价格明细!M701 -> 0 | P34: =集贸价格明细!K702 -> 0 | Q34: =集贸价格明细!M702 -> -2.4 | R34: =集贸价格明细!K703 -> 0 | S34: =集贸价格明细!M703 -> -1.2 | T34: =集贸价格明细!K704 -> 0.3 | U34: =集贸价格明细!M704 -> -0.8 | V34: =集贸价格明细!K705 -> 0 | W34: =集贸价格明细!M705 -> 0
A35: 45959 | B35: 10月第3周 | C35: =集贸价格明细!H721 -> 2.46 | D35: =集贸价格明细!H722 -> 2.25 | E35: =集贸价格明细!H723 -> 2.51 | F35: =集贸价格明细!H724 -> 3.26 | G35: =集贸价格明细!H725 -> 3.36 | H35: =集贸价格明细!H726 -> 3.49 | I35: =集贸价格明细!H727 -> 3.22 | J35: =集贸价格明细!K721 -> 0 | K35: =集贸价格明细!M721 -> 2.9 | L35: =集贸价格明细!K722 -> -0.4 | M35: =集贸价格明细!M722 -> 0 | N35: =集贸价格明细!K723 -> 0 | O35: =集贸价格明细!M723 -> 0 | P35: =集贸价格明细!K724 -> -0.3 | Q35: =集贸价格明细!M724 -> -2.7 | R35: =集贸价格明细!K725 -> -0.3 | S35: =集贸价格明细!M725 -> -1.5 | T35: =集贸价格明细!K726 -> -0.3 | U35: =集贸价格明细!M726 -> -1.1 | V35: =集贸价格明细!K727 -> 0 | W35: =集贸价格明细!M727 -> 0
A36: 45950 | B36: 10月第2周 | C36: =集贸价格明细!H743 -> 2.46 | D36: =集贸价格明细!H744 -> 2.26 | E36: =集贸价格明细!H745 -> 2.51 | F36: =集贸价格明细!H746 -> 3.27 | G36: =集贸价格明细!H747 -> 3.37 | H36: =集贸价格明细!H748 -> 3.5 | I36: =集贸价格明细!H749 -> 3.22 | J36: =集贸价格明细!K743 -> -0.8 | K36: =集贸价格明细!M743 -> 2.5 | L36: =集贸价格明细!K744 -> -1.3 | M36: =集贸价格明细!M744 -> 0 | N36: =集贸价格明细!K745 -> -0.8 | O36: =集贸价格明细!M745 -> 0 | P36: =集贸价格明细!K746 -> -0.3 | Q36: =集贸价格明细!M746 -> -3.3 | R36: =集贸价格明细!K747 -> -0.3 | S36: =集贸价格明细!M747 -> -1.2 | T36: =集贸价格明细!K748 -> 0 | U36: =集贸价格明细!M748 -> -0.8 | V36: =集贸价格明细!K749 -> -0.3 | W36: =集贸价格明细!M749 -> -0.3
A37: 45943 | B37: 10月第1周 | C37: =集贸价格明细!H765 -> 2.48 | D37: =集贸价格明细!H766 -> 2.29 | E37: =集贸价格明细!H767 -> 2.53 | F37: =集贸价格明细!H768 -> 3.28 | G37: =集贸价格明细!H769 -> 3.38 | H37: =集贸价格明细!H770 -> 3.5 | I37: =集贸价格明细!H771 -> 3.23 | J37: =集贸价格明细!K765 -> -0.4 | K37: =集贸价格明细!M765 -> 2.5 | L37: =集贸价格明细!K766 -> -0.9 | M37: =集贸价格明细!M766 -> 0 | N37: =集贸价格明细!K767 -> -0.4 | O37: =集贸价格明细!M767 -> 0 | P37: =集贸价格明细!K768 -> 0 | Q37: =集贸价格明细!M768 -> -3.5 | R37: =集贸价格明细!K769 -> 0 | S37: =集贸价格明细!M769 -> -1.5 | T37: =集贸价格明细!K770 -> -0.3 | U37: =集贸价格明细!M770 -> -1.4 | V37: =集贸价格明细!K771 -> 0 | W37: =集贸价格明细!M771 -> -0.3
A38: 45941 | B38: 9月第5周 | C38: =集贸价格明细!H787 -> 2.49 | D38: =集贸价格明细!H788 -> 2.31 | E38: =集贸价格明细!H789 -> 2.54 | F38: =集贸价格明细!H790 -> 3.28 | G38: =集贸价格明细!H791 -> 3.38 | H38: =集贸价格明细!H792 -> 3.51 | I38: =集贸价格明细!H793 -> 3.23 | J38: =集贸价格明细!K787 -> 0.4 | K38: =集贸价格明细!M787 -> 2.5 | L38: =集贸价格明细!K788 -> 0 | M38: =集贸价格明细!M788 -> 0 | N38: =集贸价格明细!K789 -> 0.4 | O38: =集贸价格明细!M789 -> 0 | P38: =集贸价格明细!K790 -> 0 | Q38: =集贸价格明细!M790 -> -3.8 | R38: =集贸价格明细!K791 -> 0 | S38: =集贸价格明细!M791 -> -1.5 | T38: =集贸价格明细!K792 -> 0 | U38: =集贸价格明细!M792 -> -1.1 | V38: =集贸价格明细!K793 -> 0 | W38: =集贸价格明细!M793 -> -0.6
A39: 45929 | B39: 9月第4周 | C39: =集贸价格明细!H809 -> 2.48 | D39: =集贸价格明细!H810 -> 2.31 | E39: =集贸价格明细!H811 -> 2.53 | F39: =集贸价格明细!H812 -> 3.28 | G39: =集贸价格明细!H813 -> 3.38 | H39: =集贸价格明细!H814 -> 3.51 | I39: =集贸价格明细!H815 -> 3.23 | J39: =集贸价格明细!K809 -> -0.4 | K39: =集贸价格明细!M809 -> 0.4 | L39: =集贸价格明细!K810 -> -0.4 | M39: =集贸价格明细!M810 -> 0 | N39: =集贸价格明细!K811 -> -0.4 | O39: =集贸价格明细!M811 -> 0 | P39: =集贸价格明细!K812 -> -0.6 | Q39: =集贸价格明细!M812 -> -3.5 | R39: =集贸价格明细!K813 -> -0.3 | S39: =集贸价格明细!M813 -> -1.7 | T39: =集贸价格明细!K814 -> 0 | U39: =集贸价格明细!M814 -> -1.4 | V39: =集贸价格明细!K815 -> -0.3 | W39: =集贸价格明细!M815 -> -0.9
A40: 45922 | B40: 9月第3周 | C40: =集贸价格明细!H831 -> 2.49 | D40: =集贸价格明细!H832 -> 2.32 | E40: =集贸价格明细!H833 -> 2.54 | F40: =集贸价格明细!H834 -> 3.3 | G40: =集贸价格明细!H835 -> 3.39 | H40: =集贸价格明细!H836 -> 3.51 | I40: =集贸价格明细!H837 -> 3.24 | J40: =集贸价格明细!K831 -> 0 | K40: =集贸价格明细!M831 -> -0.4 | L40: =集贸价格明细!K832 -> -0.4 | M40: =集贸价格明细!M832 -> 0 | N40: =集贸价格明细!K833 -> 0 | O40: =集贸价格明细!M833 -> 0 | P40: =集贸价格明细!K834 -> -0.3 | Q40: =集贸价格明细!M834 -> -2.9 | R40: =集贸价格明细!K835 -> -0.3 | S40: =集贸价格明细!M835 -> -1.7 | T40: =集贸价格明细!K836 -> 0 | U40: =集贸价格明细!M836 -> -1.7 | V40: =集贸价格明细!K837 -> 0 | W40: =集贸价格明细!M837 -> -1.2
A41: 45915 | B41: 9月第2周 | C41: =集贸价格明细!H853 -> 2.49 | D41: =集贸价格明细!H854 -> 2.33 | E41: =集贸价格明细!H855 -> 2.54 | F41: =集贸价格明细!H856 -> 3.31 | G41: =集贸价格明细!H857 -> 3.4 | H41: =集贸价格明细!H858 -> 3.51 | I41: =集贸价格明细!H859 -> 3.24 | J41: =集贸价格明细!K853 -> 0 | K41: =集贸价格明细!M853 -> -0.8 | L41: =集贸价格明细!K854 -> 0.9 | M41: =集贸价格明细!M854 -> 0 | N41: =集贸价格明细!K855 -> -0.4 | O41: =集贸价格明细!M855 -> 0 | P41: =集贸价格明细!K856 -> 0 | Q41: =集贸价格明细!M856 -> -2.6 | R41: =集贸价格明细!K857 -> 0 | S41: =集贸价格明细!M857 -> -1.7 | T41: =集贸价格明细!K858 -> 0 | U41: =集贸价格明细!M858 -> -1.7 | V41: =集贸价格明细!K859 -> 0.3 | W41: =集贸价格明细!M859 -> -1.2
A42: 45909 | B42: 9月第1周 | C42: =集贸价格明细!H875 -> 2.49 | D42: =集贸价格明细!H876 -> 2.31 | E42: =集贸价格明细!H877 -> 2.55 | F42: =集贸价格明细!H878 -> 3.31 | G42: =集贸价格明细!H879 -> 3.4 | H42: =集贸价格明细!H880 -> 3.51 | I42: =集贸价格明细!H881 -> 3.23 | J42: =集贸价格明细!K875 -> 0 | K42: =集贸价格明细!M875 -> -1.2 | L42: =集贸价格明细!K876 -> 0 | M42: =集贸价格明细!M876 -> 0 | N42: =集贸价格明细!K877 -> -0.8 | O42: =集贸价格明细!M877 -> 0 | P42: =集贸价格明细!K878 -> 0 | Q42: =集贸价格明细!M878 -> -2.1 | R42: =集贸价格明细!K879 -> 0 | S42: =集贸价格明细!M879 -> -1.7 | T42: =集贸价格明细!K880 -> 0 | U42: =集贸价格明细!M880 -> -2 | V42: =集贸价格明细!K881 -> 0 | W42: =集贸价格明细!M881 -> -1.8
A43: 45902 | B43: 8月第4周 | C43: =集贸价格明细!H897 -> 2.49 | D43: =集贸价格明细!H898 -> 2.31 | E43: =集贸价格明细!H899 -> 2.57 | F43: =集贸价格明细!H900 -> 3.31 | G43: =集贸价格明细!H901 -> 3.4 | H43: =集贸价格明细!H902 -> 3.51 | I43: =集贸价格明细!H903 -> 3.23 | J43: =集贸价格明细!K897 -> -0.4 | K43: =集贸价格明细!M897 -> -1.6 | L43: =集贸价格明细!K898 -> 0 | M43: =集贸价格明细!M898 -> 0 | N43: =集贸价格明细!K899 -> -0.8 | O43: =集贸价格明细!M899 -> 0 | P43: =集贸价格明细!K900 -> 0 | Q43: =集贸价格明细!M900 -> -1.5 | R43: =集贸价格明细!K901 -> 0.3 | S43: =集贸价格明细!M901 -> -2.3 | T43: =集贸价格明细!K902 -> -0.3 | U43: =集贸价格明细!M902 -> -2.2 | V43: =集贸价格明细!K903 -> 0 | W43: =集贸价格明细!M903 -> -2.1
A44: 45894 | B44: 8月第3周 | C44: =集贸价格明细!H919 -> 2.5 | D44: =集贸价格明细!H920 -> 2.31 | E44: =集贸价格明细!H921 -> 2.59 | F44: =集贸价格明细!H922 -> 3.31 | G44: =集贸价格明细!H923 -> 3.39 | H44: =集贸价格明细!H924 -> 3.52 | I44: =集贸价格明细!H925 -> 3.23 | J44: =集贸价格明细!K919 -> 0 | K44: =集贸价格明细!M919 -> -1.6 | L44: =集贸价格明细!K920 -> 0.4 | M44: =集贸价格明细!M920 -> 0 | N44: =集贸价格明细!K921 -> 0 | O44: =集贸价格明细!M921 -> 0 | P44: =集贸价格明细!K922 -> 0.6 | Q44: =集贸价格明细!M922 -> -1.8 | R44: =集贸价格明细!K923 -> 0 | S44: =集贸价格明细!M923 -> -2.6 | T44: =集贸价格明细!K924 -> 0.3 | U44: =集贸价格明细!M924 -> -1.9 | V44: =集贸价格明细!K925 -> 0 | W44: =集贸价格明细!M925 -> -2.1
A45: 45894 | B45: 8月第2周 | C45: =集贸价格明细!H941 -> 2.5 | D45: =集贸价格明细!H942 -> 2.3 | E45: =集贸价格明细!H943 -> 2.59 | F45: =集贸价格明细!H944 -> 3.29 | G45: =集贸价格明细!H945 -> 3.39 | H45: =集贸价格明细!H946 -> 3.51 | I45: =集贸价格明细!H947 -> 3.23 | J45: =集贸价格明细!K941 -> 0 | K45: =集贸价格明细!M941 -> -2.3 | L45: =集贸价格明细!K942 -> 0 | M45: =集贸价格明细!M942 -> 0 | N45: =集贸价格明细!K943 -> 0 | O45: =集贸价格明细!M943 -> 0 | P45: =集贸价格明细!K944 -> 0.3 | Q45: =集贸价格明细!M944 -> -3.2 | R45: =集贸价格明细!K945 -> 0 | S45: =集贸价格明细!M945 -> -3.1 | T45: =集贸价格明细!K946 -> 0 | U45: =集贸价格明细!M946 -> -2.8 | V45: =集贸价格明细!K947 -> 0 | W45: =集贸价格明细!M947 -> -2.7
A46: 45882 | B46: 8月第1周 | C46: =集贸价格明细!H963 -> 2.5 | D46: =集贸价格明细!H964 -> 2.3 | E46: =集贸价格明细!H965 -> 2.59 | F46: =集贸价格明细!H966 -> 3.28 | G46: =集贸价格明细!H967 -> 3.39 | H46: =集贸价格明细!H968 -> 3.51 | I46: =集贸价格明细!H969 -> 3.23 | J46: =集贸价格明细!K963 -> 0 | K46: =集贸价格明细!M963 -> -3.1 | L46: =集贸价格明细!K964 -> 0.4 | M46: =集贸价格明细!M964 -> 0 | N46: =集贸价格明细!K965 -> 0.4 | O46: =集贸价格明细!M965 -> 0 | P46: =集贸价格明细!K966 -> 0.3 | Q46: =集贸价格明细!M966 -> -5.2 | R46: =集贸价格明细!K967 -> 0 | S46: =集贸价格明细!M967 -> -3.7 | T46: =集贸价格明细!K968 -> 0 | U46: =集贸价格明细!M968 -> -3 | V46: =集贸价格明细!K969 -> 0 | W46: =集贸价格明细!M969 -> -3.3
A47: 45873 | B47: 7月第5周 | C47: =集贸价格明细!H985 -> 2.5 | D47: =集贸价格明细!H986 -> 2.29 | E47: =集贸价格明细!H987 -> 2.58 | F47: =集贸价格明细!H988 -> 3.27 | G47: =集贸价格明细!H989 -> 3.39 | H47: =集贸价格明细!H990 -> 3.51 | I47: =集贸价格明细!H991 -> 3.23 | J47: =集贸价格明细!K985 -> 0 | K47: =集贸价格明细!M985 -> -3.1 | L47: =集贸价格明细!K986 -> 0.4 | M47: =集贸价格明细!M986 -> 0 | N47: =集贸价格明细!K987 -> -0.4 | O47: =集贸价格明细!M987 -> 0 | P47: =集贸价格明细!K988 -> -0.6 | Q47: =集贸价格明细!M988 -> -6.3 | R47: =集贸价格明细!K989 -> 0 | S47: =集贸价格明细!M989 -> -4 | T47: =集贸价格明细!K990 -> -0.3 | U47: =集贸价格明细!M990 -> -3.3 | V47: =集贸价格明细!K991 -> -0.3 | W47: =集贸价格明细!M991 -> -3.6
A48: 45867 | B48: 7月第4周 | C48: =集贸价格明细!H1007 -> 2.5 | D48: =集贸价格明细!H1008 -> 2.28 | E48: =集贸价格明细!H1009 -> 2.59 | F48: =集贸价格明细!H1010 -> 3.29 | G48: =集贸价格明细!H1011 -> 3.39 | H48: =集贸价格明细!H1012 -> 3.52 | I48: =集贸价格明细!H1013 -> 3.24 | J48: =集贸价格明细!K1007 -> 0 | K48: =集贸价格明细!M1007 -> -3.5 | L48: =集贸价格明细!K1008 -> 0 | M48: =集贸价格明细!M1008 -> 0 | N48: =集贸价格明细!K1009 -> -0.4 | O48: =集贸价格明细!M1009 -> 0 | P48: =集贸价格明细!K1010 -> 0.6 | Q48: =集贸价格明细!M1010 -> -6.5 | R48: =集贸价格明细!K1011 -> 0 | S48: =集贸价格明细!M1011 -> -4 | T48: =集贸价格明细!K1012 -> 0 | U48: =集贸价格明细!M1012 -> -3 | V48: =集贸价格明细!K1013 -> 0.3 | W48: =集贸价格明细!M1013 -> -3.6
A49: 45860 | B49: 7月第3周 | C49: =集贸价格明细!H1029 -> 2.5 | D49: =集贸价格明细!H1030 -> 2.28 | E49: =集贸价格明细!H1031 -> 2.6 | F49: =集贸价格明细!H1032 -> 3.27 | G49: =集贸价格明细!H1033 -> 3.39 | H49: =集贸价格明细!H1034 -> 3.52 | I49: =集贸价格明细!H1035 -> 3.23 | J49: =集贸价格明细!K1029 -> 0.4 | K49: =集贸价格明细!M1029 -> -3.5 | L49: =集贸价格明细!K1030 -> 0 | M49: =集贸价格明细!M1030 -> 0 | N49: =集贸价格明细!K1031 -> 0 | O49: =集贸价格明细!M1031 -> 0 | P49: =集贸价格明细!K1032 -> -0.6 | Q49: =集贸价格明细!M1032 -> -7.9 | R49: =集贸价格明细!K1033 -> 0 | S49: =集贸价格明细!M1033 -> -4.2 | T49: =集贸价格明细!K1034 -> 0 | U49: =集贸价格明细!M1034 -> -3 | V49: =集贸价格明细!K1035 -> -0.3 | W49: =集贸价格明细!M1035 -> -3.9
A50: 45853 | B50: 7月第2周 | C50: =集贸价格明细!H1051 -> 2.49 | D50: =集贸价格明细!H1052 -> 2.28 | E50: =集贸价格明细!H1053 -> 2.6 | F50: =集贸价格明细!H1054 -> 3.29 | G50: =集贸价格明细!H1055 -> 3.39 | H50: =集贸价格明细!H1056 -> 3.52 | I50: =集贸价格明细!H1057 -> 3.24 | J50: =集贸价格明细!K1051 -> 0 | K50: =集贸价格明细!M1051 -> -3.9 | L50: =集贸价格明细!K1052 -> 0 | M50: =集贸价格明细!M1052 -> 0 | N50: =集贸价格明细!K1053 -> 0.4 | O50: =集贸价格明细!M1053 -> 0 | P50: =集贸价格明细!K1054 -> -0.6 | Q50: =集贸价格明细!M1054 -> -9.1 | R50: =集贸价格明细!K1055 -> 0 | S50: =集贸价格明细!M1055 -> -4.2 | T50: =集贸价格明细!K1056 -> 0 | U50: =集贸价格明细!M1056 -> -3.3 | V50: =集贸价格明细!K1057 -> 0 | W50: =集贸价格明细!M1057 -> -3.9
A51: 45847 | B51: 7月第1周 | C51: =集贸价格明细!H1073 -> 2.49 | D51: =集贸价格明细!H1074 -> 2.28 | E51: =集贸价格明细!H1075 -> 2.59 | F51: =集贸价格明细!H1076 -> 3.31 | G51: =集贸价格明细!H1077 -> 3.39 | H51: =集贸价格明细!H1078 -> 3.52 | I51: =集贸价格明细!H1079 -> 3.24 | J51: =集贸价格明细!K1073 -> 0.4 | K51: =集贸价格明细!M1073 -> -3.5 | L51: =集贸价格明细!K1074 -> 0.4 | M51: =集贸价格明细!M1074 -> 0 | N51: =集贸价格明细!K1075 -> 1.2 | O51: =集贸价格明细!M1075 -> 0 | P51: =集贸价格明细!K1076 -> -0.9 | Q51: =集贸价格明细!M1076 -> -9.3 | R51: =集贸价格明细!K1077 -> 0 | S51: =集贸价格明细!M1077 -> -4.2 | T51: =集贸价格明细!K1078 -> 0 | U51: =集贸价格明细!M1078 -> -3.6 | V51: =集贸价格明细!K1079 -> 0 | W51: =集贸价格明细!M1079 -> -4.1
A52: 45840 | B52: 6月第4周 | C52: =集贸价格明细!H1095 -> 2.48 | D52: =集贸价格明细!H1096 -> 2.27 | E52: =集贸价格明细!H1097 -> 2.56 | F52: =集贸价格明细!H1098 -> 3.34 | G52: =集贸价格明细!H1099 -> 3.39 | H52: =集贸价格明细!H1100 -> 3.52 | I52: =集贸价格明细!H1101 -> 3.24 | J52: =集贸价格明细!K1095 -> 0.4 | K52: =集贸价格明细!M1095 -> -3.9 | L52: =集贸价格明细!K1096 -> 0.4 | M52: =集贸价格明细!M1096 -> 0 | N52: =集贸价格明细!K1097 -> 0.8 | O52: =集贸价格明细!M1097 -> 0 | P52: =集贸价格明细!K1098 -> -0.3 | Q52: =集贸价格明细!M1098 -> -8.7 | R52: =集贸价格明细!K1099 -> 0 | S52: =集贸价格明细!M1099 -> -4.2 | T52: =集贸价格明细!K1100 -> 0 | U52: =集贸价格明细!M1100 -> -3.6 | V52: =集贸价格明细!K1101 -> 0 | W52: =集贸价格明细!M1101 -> -3.9
A53: 45832 | B53: 6月第3周 | C53: =集贸价格明细!H1117 -> 2.47 | D53: =集贸价格明细!H1118 -> 2.26 | E53: =集贸价格明细!H1119 -> 2.54 | F53: =集贸价格明细!H1120 -> 3.35 | G53: =集贸价格明细!H1121 -> 3.39 | H53: =集贸价格明细!H1122 -> 3.52 | I53: =集贸价格明细!H1123 -> 3.24 | J53: =集贸价格明细!K1117 -> 0.4 | K53: =集贸价格明细!M1117 -> -3.9 | L53: =集贸价格明细!K1118 -> 0 | M53: =集贸价格明细!M1118 -> 0 | N53: =集贸价格明细!K1119 -> 0.4 | O53: =集贸价格明细!M1119 -> 0 | P53: =集贸价格明细!K1120 -> -0.6 | Q53: =集贸价格明细!M1120 -> -9.2 | R53: =集贸价格明细!K1121 -> -0.3 | S53: =集贸价格明细!M1121 -> -4.2 | T53: =集贸价格明细!K1122 -> 0 | U53: =集贸价格明细!M1122 -> -3.6 | V53: =集贸价格明细!K1123 -> 0 | W53: =集贸价格明细!M1123 -> -4.1
A54: 45825 | B54: 6月第2周 | C54: =集贸价格明细!H1139 -> 2.46 | D54: =集贸价格明细!H1140 -> 2.26 | E54: =集贸价格明细!H1141 -> 2.53 | F54: =集贸价格明细!H1142 -> 3.37 | G54: =集贸价格明细!H1143 -> 3.4 | H54: =集贸价格明细!H1144 -> 3.52 | I54: =集贸价格明细!H1145 -> 3.24 | J54: =集贸价格明细!K1139 -> 0 | K54: =集贸价格明细!M1139 -> -3.9 | L54: =集贸价格明细!K1140 -> 0.4 | M54: =集贸价格明细!M1140 -> 0 | N54: =集贸价格明细!K1141 -> -0.4 | O54: =集贸价格明细!M1141 -> 0 | P54: =集贸价格明细!K1142 -> -0.9 | Q54: =集贸价格明细!M1142 -> -9.4 | R54: =集贸价格明细!K1143 -> 0 | S54: =集贸价格明细!M1143 -> -4 | T54: =集贸价格明细!K1144 -> -0.3 | U54: =集贸价格明细!M1144 -> -3.6 | V54: =集贸价格明细!K1145 -> -0.3 | W54: =集贸价格明细!M1145 -> -3.9
A55: 45818 | B55: 6月第1周 | C55: =集贸价格明细!H1161 -> 2.46 | D55: =集贸价格明细!H1162 -> 2.25 | E55: =集贸价格明细!H1163 -> 2.54 | F55: =集贸价格明细!H1164 -> 3.4 | G55: =集贸价格明细!H1165 -> 3.4 | H55: =集贸价格明细!H1166 -> 3.53 | I55: =集贸价格明细!H1167 -> 3.25 | J55: =集贸价格明细!K1161 -> 0.4 | K55: =集贸价格明细!M1161 -> -3.9 | L55: =集贸价格明细!K1162 -> 0.5 | M55: =集贸价格明细!M1162 -> 0 | N55: =集贸价格明细!K1163 -> 0 | O55: =集贸价格明细!M1163 -> 0 | P55: =集贸价格明细!K1164 -> -1.7 | Q55: =集贸价格明细!M1164 -> -9.1 | R55: =集贸价格明细!K1165 -> -0.3 | S55: =集贸价格明细!M1165 -> -4.2 | T55: =集贸价格明细!K1166 -> 0 | U55: =集贸价格明细!M1166 -> -3.6 | V55: =集贸价格明细!K1167 -> 0 | W55: =集贸价格明细!M1167 -> -3.8
A56: 45812 | B56: 5月第4周 | C56: =集贸价格明细!H1183 -> 2.45 | D56: =集贸价格明细!H1184 -> 2.24 | E56: =集贸价格明细!H1185 -> 2.54 | F56: =集贸价格明细!H1186 -> 3.46 | G56: =集贸价格明细!H1187 -> 3.41 | H56: =集贸价格明细!H1188 -> 3.53 | I56: =集贸价格明细!H1189 -> 3.25 | J56: =集贸价格明细!K1183 -> 0 | K56: =集贸价格明细!M1183 -> -3.9 | L56: =集贸价格明细!K1184 -> 0 | M56: =集贸价格明细!M1184 -> 0 | N56: =集贸价格明细!K1185 -> 0.4 | O56: =集贸价格明细!M1185 -> 0 | P56: =集贸价格明细!K1186 -> -1.4 | Q56: =集贸价格明细!M1186 -> -8 | R56: =集贸价格明细!K1187 -> -0.3 | S56: =集贸价格明细!M1187 -> -3.9 | T56: =集贸价格明细!K1188 -> 0 | U56: =集贸价格明细!M1188 -> -3.8 | V56: =集贸价格明细!K1189 -> 0 | W56: =集贸价格明细!M1189 -> -3.8
A57: 45804 | B57: 5月第3周 | C57: =集贸价格明细!H1205 -> 2.45 | D57: =集贸价格明细!H1206 -> 2.24 | E57: =集贸价格明细!H1207 -> 2.53 | F57: =集贸价格明细!H1208 -> 3.51 | G57: =集贸价格明细!H1209 -> 3.42 | H57: =集贸价格明细!H1210 -> 3.53 | I57: =集贸价格明细!H1211 -> 3.25 | J57: =集贸价格明细!K1205 -> 0.8 | K57: =集贸价格明细!M1205 -> -3.5 | L57: =集贸价格明细!K1206 -> 0.5 | M57: =集贸价格明细!M1206 -> 0 | N57: =集贸价格明细!K1207 -> -0.4 | O57: =集贸价格明细!M1207 -> 0 | P57: =集贸价格明细!K1208 -> -2.8 | Q57: =集贸价格明细!M1208 -> -6.4 | R57: =集贸价格明细!K1209 -> -0.3 | S57: =集贸价格明细!M1209 -> -3.7 | T57: =集贸价格明细!K1210 -> -0.3 | U57: =集贸价格明细!M1210 -> -3.8 | V57: =集贸价格明细!K1211 -> -0.3 | W57: =集贸价格明细!M1211 -> -3.8
A58: 45797 | B58: 5月第2周 | C58: =集贸价格明细!H1227 -> 2.43 | D58: =集贸价格明细!H1228 -> 2.23 | E58: =集贸价格明细!H1229 -> 2.54 | F58: =集贸价格明细!H1230 -> 3.61 | G58: =集贸价格明细!H1231 -> 3.43 | H58: =集贸价格明细!H1232 -> 3.54 | I58: =集贸价格明细!H1233 -> 3.26 | J58: =集贸价格明细!K1227 -> 0.4 | K58: =集贸价格明细!M1227 -> -4 | L58: =集贸价格明细!K1228 -> 0.5 | M58: =集贸价格明细!M1228 -> 0 | N58: =集贸价格明细!K1229 -> 1.2 | O58: =集贸价格明细!M1229 -> 0 | P58: =集贸价格明细!K1230 -> -2.2 | Q58: =集贸价格明细!M1230 -> -3.5 | R58: =集贸价格明细!K1231 -> 0 | S58: =集贸价格明细!M1231 -> -3.4 | T58: =集贸价格明细!K1232 -> 0 | U58: =集贸价格明细!M1232 -> -3.5 | V58: =集贸价格明细!K1233 -> -0.3 | W58: =集贸价格明细!M1233 -> -3.8
A59: 45790 | B59: 5月第1周 | C59: =集贸价格明细!H1249 -> 2.42 | D59: =集贸价格明细!H1250 -> 2.22 | E59: =集贸价格明细!H1251 -> 2.51 | F59: =集贸价格明细!H1252 -> 3.69 | G59: =集贸价格明细!H1253 -> 3.43 | H59: =集贸价格明细!H1254 -> 3.54 | I59: =集贸价格明细!H1255 -> 3.27 | J59: =集贸价格明细!K1249 -> 0.8 | K59: =集贸价格明细!M1249 -> -4.3 | L59: =集贸价格明细!K1250 -> 0.9 | M59: =集贸价格明细!M1250 -> 0 | N59: =集贸价格明细!K1251 -> 0.8 | O59: =集贸价格明细!M1251 -> 0 | P59: =集贸价格明细!K1252 -> -2.1 | Q59: =集贸价格明细!M1252 -> -1.1 | R59: =集贸价格明细!K1253 -> 0 | S59: =集贸价格明细!M1253 -> -3.7 | T59: =集贸价格明细!K1254 -> -0.3 | U59: =集贸价格明细!M1254 -> -3.8 | V59: =集贸价格明细!K1255 -> 0 | W59: =集贸价格明细!M1255 -> -3.5
A60: 45784 | B60: 4月第5周 | C60: =集贸价格明细!H1271 -> 2.4 | D60: =集贸价格明细!H1272 -> 2.2 | E60: =集贸价格明细!H1273 -> 2.49 | F60: =集贸价格明细!H1274 -> 3.77 | G60: =集贸价格明细!H1275 -> 3.43 | H60: =集贸价格明细!H1276 -> 3.55 | I60: =集贸价格明细!H1277 -> 3.27 | J60: =集贸价格明细!K1271 -> 0.8 | K60: =集贸价格明细!M1271 -> -5.5 | L60: =集贸价格明细!K1272 -> 0.5 | M60: =集贸价格明细!M1272 -> 0 | N60: =集贸价格明细!K1273 -> 1.2 | O60: =集贸价格明细!M1273 -> 0 | P60: =集贸价格明细!K1274 -> 1.9 | Q60: =集贸价格明细!M1274 -> 1.3 | R60: =集贸价格明细!K1275 -> 0.6 | S60: =集贸价格明细!M1275 -> -3.7 | T60: =集贸价格明细!K1276 -> 0.6 | U60: =集贸价格明细!M1276 -> -3.8 | V60: =集贸价格明细!K1277 -> 0.3 | W60: =集贸价格明细!M1277 -> -3.8
A61: 45776 | B61: 4月第4周 | C61: =集贸价格明细!H1293 -> 2.38 | D61: =集贸价格明细!H1294 -> 2.19 | E61: =集贸价格明细!H1295 -> 2.46 | F61: =集贸价格明细!H1296 -> 3.7 | G61: =集贸价格明细!H1297 -> 3.41 | H61: =集贸价格明细!H1298 -> 3.53 | I61: =集贸价格明细!H1299 -> 3.26 | J61: =集贸价格明细!K1293 -> 0 | K61: =集贸价格明细!M1293 -> -6.7 | L61: =集贸价格明细!K1294 -> 0 | M61: =集贸价格明细!M1294 -> 0 | N61: =集贸价格明细!K1295 -> -0.4 | O61: =集贸价格明细!M1295 -> 0 | P61: =集贸价格明细!K1296 -> 2.5 | Q61: =集贸价格明细!M1296 -> -1.1 | R61: =集贸价格明细!K1297 -> 0.3 | S61: =集贸价格明细!M1297 -> -4.7 | T61: =集贸价格明细!K1298 -> 0.3 | U61: =集贸价格明细!M1298 -> -4.3 | V61: =集贸价格明细!K1299 -> 0.3 | W61: =集贸价格明细!M1299 -> -4.1
A62: 45769 | B62: 4月第3周 | C62: =集贸价格明细!H1315 -> 2.38 | D62: =集贸价格明细!H1316 -> 2.19 | E62: =集贸价格明细!H1317 -> 2.47 | F62: =集贸价格明细!H1318 -> 3.61 | G62: =集贸价格明细!H1319 -> 3.4 | H62: =集贸价格明细!H1320 -> 3.52 | I62: =集贸价格明细!H1321 -> 3.25 | J62: =集贸价格明细!K1315 -> 0.4 | K62: =集贸价格明细!M1315 -> -7 | L62: =集贸价格明细!K1316 -> 0.5 | M62: =集贸价格明细!M1316 -> 0 | N62: =集贸价格明细!K1317 -> 0 | O62: =集贸价格明细!M1317 -> 0 | P62: =集贸价格明细!K1318 -> 1.7 | Q62: =集贸价格明细!M1318 -> -3.7 | R62: =集贸价格明细!K1319 -> 0 | S62: =集贸价格明细!M1319 -> -5.3 | T62: =集贸价格明细!K1320 -> 0 | U62: =集贸价格明细!M1320 -> -5.1 | V62: =集贸价格明细!K1321 -> 0 | W62: =集贸价格明细!M1321 -> -5
A63: 45763 | B63: 4月第2周 | C63: =集贸价格明细!H1337 -> 2.37 | D63: =集贸价格明细!H1338 -> 2.18 | E63: =集贸价格明细!H1339 -> 2.47 | F63: =集贸价格明细!H1340 -> 3.55 | G63: =集贸价格明细!H1341 -> 3.4 | H63: =集贸价格明细!H1342 -> 3.52 | I63: =集贸价格明细!H1343 -> 3.25 | J63: =集贸价格明细!K1337 -> 0.4 | K63: =集贸价格明细!M1337 -> -7.8 | L63: =集贸价格明细!K1338 -> 0.5 | M63: =集贸价格明细!M1338 -> 0 | N63: =集贸价格明细!K1339 -> 0.8 | O63: =集贸价格明细!M1339 -> 0 | P63: =集贸价格明细!K1340 -> 0.3 | Q63: =集贸价格明细!M1340 -> -6.1 | R63: =集贸价格明细!K1341 -> 0 | S63: =集贸价格明细!M1341 -> -5.6 | T63: =集贸价格明细!K1342 -> 0 | U63: =集贸价格明细!M1342 -> -5.4 | V63: =集贸价格明细!K1343 -> 0.3 | W63: =集贸价格明细!M1343 -> -5.2
A64: 45756 | B64: 4月第1周 | C64: =集贸价格明细!H1359 -> 2.36 | D64: =集贸价格明细!H1360 -> 2.17 | E64: =集贸价格明细!H1361 -> 2.45 | F64: =集贸价格明细!H1362 -> 3.54 | G64: =集贸价格明细!H1363 -> 3.4 | H64: =集贸价格明细!H1364 -> 3.52 | I64: =集贸价格明细!H1365 -> 3.24 | J64: =集贸价格明细!K1359 -> 0 | K64: =集贸价格明细!M1359 -> -8.5 | L64: =集贸价格明细!K1360 -> 0.5 | M64: =集贸价格明细!M1360 -> 0 | N64: =集贸价格明细!K1361 -> -0.4 | O64: =集贸价格明细!M1361 -> 0 | P64: =集贸价格明细!K1362 -> -1.7 | Q64: =集贸价格明细!M1362 -> -7.3 | R64: =集贸价格明细!K1363 -> -0.3 | S64: =集贸价格明细!M1363 -> -5.8 | T64: =集贸价格明细!K1364 -> -0.3 | U64: =集贸价格明细!M1364 -> -5.6 | V64: =集贸价格明细!K1365 -> 0 | W64: =集贸价格明细!M1365 -> -5.8
A65: 45748 | B65: 3月第4周 | C65: =集贸价格明细!H1381 -> 2.36 | D65: =集贸价格明细!H1382 -> 2.16 | E65: =集贸价格明细!H1383 -> 2.46 | F65: =集贸价格明细!H1384 -> 3.6 | G65: =集贸价格明细!H1385 -> 3.41 | H65: =集贸价格明细!H1386 -> 3.53 | I65: =集贸价格明细!H1387 -> 3.24 | J65: =集贸价格明细!K1381 -> 0.4 | K65: =集贸价格明细!M1381 -> -8.5 | L65: =集贸价格明细!K1382 -> 0.5 | M65: =集贸价格明细!M1382 -> 0 | N65: =集贸价格明细!K1383 -> 0 | O65: =集贸价格明细!M1383 -> 0 | P65: =集贸价格明细!K1384 -> -2.4 | Q65: =集贸价格明细!M1384 -> -6 | R65: =集贸价格明细!K1385 -> -0.3 | S65: =集贸价格明细!M1385 -> -5.5 | T65: =集贸价格明细!K1386 -> -0.6 | U65: =集贸价格明细!M1386 -> -5.4 | V65: =集贸价格明细!K1387 -> -0.3 | W65: =集贸价格明细!M1387 -> -5.8
A66: 45741 | B66: 3月第3周 | C66: =集贸价格明细!H1403 -> 2.35 | D66: =集贸价格明细!H1404 -> 2.15 | E66: =集贸价格明细!H1405 -> 2.46 | F66: =集贸价格明细!H1406 -> 3.69 | G66: =集贸价格明细!H1407 -> 3.42 | H66: =集贸价格明细!H1408 -> 3.55 | I66: =集贸价格明细!H1409 -> 3.25 | J66: =集贸价格明细!K1403 -> 0.4 | K66: =集贸价格明细!M1403 -> -9.3 | L66: =集贸价格明细!K1404 -> 0.5 | M66: =集贸价格明细!M1404 -> 0 | N66: =集贸价格明细!K1405 -> 0 | O66: =集贸价格明细!M1405 -> 0 | P66: =集贸价格明细!K1406 -> -1.3 | Q66: =集贸价格明细!M1406 -> -3.4 | R66: =集贸价格明细!K1407 -> -0.3 | S66: =集贸价格明细!M1407 -> -5.5 | T66: =集贸价格明细!K1408 -> 0 | U66: =集贸价格明细!M1408 -> -5.1 | V66: =集贸价格明细!K1409 -> 0 | W66: =集贸价格明细!M1409 -> -5.8
A67: 45734 | B67: 3月第2周 | C67: =集贸价格明细!H1425 -> 2.34 | D67: =集贸价格明细!H1426 -> 2.14 | E67: =集贸价格明细!H1427 -> 2.46 | F67: =集贸价格明细!H1428 -> 3.74 | G67: =集贸价格明细!H1429 -> 3.43 | H67: =集贸价格明细!H1430 -> 3.55 | I67: =集贸价格明细!H1431 -> 3.25 | J67: =集贸价格明细!K1425 -> 0.4 | K67: =集贸价格明细!M1425 -> -9.7 | L67: =集贸价格明细!K1426 -> 0.5 | M67: =集贸价格明细!M1426 -> 0 | N67: =集贸价格明细!K1427 -> 0 | O67: =集贸价格明细!M1427 -> 0 | P67: =集贸价格明细!K1428 -> -0.5 | Q67: =集贸价格明细!M1428 -> -1.8 | R67: =集贸价格明细!K1429 -> 0.3 | S67: =集贸价格明细!M1429 -> -5.5 | T67: =集贸价格明细!K1430 -> 0.3 | U67: =集贸价格明细!M1430 -> -5.1 | V67: =集贸价格明细!K1431 -> 0 | W67: =集贸价格明细!M1431 -> -5.8
A68: 45728 | B68: 3月第1周 | C68: =集贸价格明细!H1446 -> 2.33 | D68: =集贸价格明细!H1447 -> 2.13 | E68: =集贸价格明细!H1448 -> 2.46 | F68: =集贸价格明细!H1449 -> 3.76 | G68: =集贸价格明细!H1450 -> 3.42 | H68: =集贸价格明细!H1451 -> 3.54 | I68: =集贸价格明细!H1452 -> 3.25 | J68: =集贸价格明细!K1446 -> 0.9 | K68: =集贸价格明细!M1446 -> -10 | L68: =集贸价格明细!K1447 -> 0 | M68: =集贸价格明细!M1447 -> 0 | N68: =集贸价格明细!K1448 -> 0.8 | O68: =集贸价格明细!M1448 -> 0 | P68: =集贸价格明细!K1449 -> 1.1 | Q68: =集贸价格明细!M1449 -> -1.1 | R68: =集贸价格明细!K1450 -> 0.6 | S68: =集贸价格明细!M1450 -> -5.8 | T68: =集贸价格明细!K1451 -> 0.3 | U68: =集贸价格明细!M1451 -> -5.6 | V68: =集贸价格明细!K1452 -> 0.6 | W68: =集贸价格明细!M1452 -> -5.8
A69: 45720 | B69: 2月第4周 | C69: =集贸价格明细!H1467 -> 2.31 | D69: =集贸价格明细!H1468 -> 2.13 | E69: =集贸价格明细!H1469 -> 2.44 | F69: =集贸价格明细!H1470 -> 3.72 | G69: =集贸价格明细!H1471 -> 3.4 | H69: =集贸价格明细!H1472 -> 3.53 | I69: =集贸价格明细!H1473 -> 3.23 | J69: =集贸价格明细!K1467 -> 0.4 | K69: =集贸价格明细!M1467 -> -11.2 | L69: =集贸价格明细!K1468 -> 0.5 | M69: =集贸价格明细!M1468 -> 0 | N69: =集贸价格明细!K1469 -> 0.4 | O69: =集贸价格明细!M1469 -> 0 | P69: =集贸价格明细!K1470 -> 1.6 | Q69: =集贸价格明细!M1470 -> -2.9 | R69: =集贸价格明细!K1471 -> 0.3 | S69: =集贸价格明细!M1471 -> -6.6 | T69: =集贸价格明细!K1472 -> 0.6 | U69: =集贸价格明细!M1472 -> -6.1 | V69: =集贸价格明细!K1473 -> 0.3 | W69: =集贸价格明细!M1473 -> -6.9
A70: 45713 | B70: 2月第3周 | C70: =集贸价格明细!H1487 -> 2.3 | D70: =集贸价格明细!H1488 -> 2.12 | E70: =集贸价格明细!H1489 -> 2.43 | F70: =集贸价格明细!H1490 -> 3.66 | G70: =集贸价格明细!H1491 -> 3.39 | H70: =集贸价格明细!H1492 -> 3.51 | I70: =集贸价格明细!H1493 -> 3.22 | J70: =集贸价格明细!K1487 -> 0.4 | K70: =集贸价格明细!M1487 -> -11.5 | L70: =集贸价格明细!K1488 -> 1 | M70: =集贸价格明细!M1488 -> 0 | N70: =集贸价格明细!K1489 -> -0.4 | O70: =集贸价格明细!M1489 -> 0 | P70: =集贸价格明细!K1490 -> 2.5 | Q70: =集贸价格明细!M1490 -> -5.9 | R70: =集贸价格明细!K1491 -> 0.6 | S70: =集贸价格明细!M1491 -> -7.4 | T70: =集贸价格明细!K1492 -> 0.6 | U70: =集贸价格明细!M1492 -> -6.9 | V70: =集贸价格明细!K1493 -> 0.6 | W70: =集贸价格明细!M1493 -> -7.5
A71: 45707 | B71: 2月第2周 | C71: =集贸价格明细!H1507 -> 2.29 | D71: =集贸价格明细!H1508 -> 2.1 | E71: =集贸价格明细!H1509 -> 2.44 | F71: =集贸价格明细!H1510 -> 3.57 | G71: =集贸价格明细!H1511 -> 3.37 | H71: =集贸价格明细!H1512 -> 3.49 | I71: =集贸价格明细!H1513 -> 3.2 | J71: =集贸价格明细!K1507 -> 0.9 | K71: =集贸价格明细!M1507 -> -11.9 | L71: =集贸价格明细!K1508 -> 0.5 | M71: =集贸价格明细!M1508 -> 0 | N71: =集贸价格明细!K1509 -> -0.4 | O71: =集贸价格明细!M1509 -> 0 | P71: =集贸价格明细!K1510 -> 6.6 | Q71: =集贸价格明细!M1510 -> -8.7 | R71: =集贸价格明细!K1511 -> 0.9 | S71: =集贸价格明细!M1511 -> -8.2 | T71: =集贸价格明细!K1512 -> 0.9 | U71: =集贸价格明细!M1512 -> -7.7 | V71: =集贸价格明细!K1513 -> 0.9 | W71: =集贸价格明细!M1513 -> -8.3
A72: 45699 | B72: 2月第1周 | C72: =集贸价格明细!H1527 -> 2.27 | D72: =集贸价格明细!H1528 -> 2.09 | E72: =集贸价格明细!H1529 -> 2.45 | F72: =集贸价格明细!H1530 -> 3.35 | G72: =集贸价格明细!H1531 -> 3.34 | H72: =集贸价格明细!H1532 -> 3.46 | I72: =集贸价格明细!H1533 -> 3.17 | J72: =集贸价格明细!K1527 -> 0 | K72: =集贸价格明细!M1527 -> -13.4 | L72: =集贸价格明细!K1528 -> 0 | M72: =集贸价格明细!M1528 -> 0 | N72: =集贸价格明细!K1529 -> 0 | O72: =集贸价格明细!M1529 -> 0 | P72: =集贸价格明细!K1530 -> 0.9 | Q72: =集贸价格明细!M1530 -> -14.8 | R72: =集贸价格明细!K1531 -> 0 | S72: =集贸价格明细!M1531 -> -9.2 | T72: =集贸价格明细!K1532 -> 0 | U72: =集贸价格明细!M1532 -> -8.7 | V72: =集贸价格明细!K1533 -> 0 | W72: =集贸价格明细!M1533 -> -9.4
A73: 45695 | B73: 1月第5周 | C73: =集贸价格明细!H1547 -> 2.27 | D73: =集贸价格明细!H1548 -> 2.09 | E73: =集贸价格明细!H1549 -> 2.45 | F73: =集贸价格明细!H1550 -> 3.32 | G73: =集贸价格明细!H1551 -> 3.34 | H73: =集贸价格明细!H1552 -> 3.46 | I73: =集贸价格明细!H1553 -> 3.17 | J73: =集贸价格明细!K1547 -> 0 | K73: =集贸价格明细!M1547 -> -13.7 | L73: =集贸价格明细!K1548 -> 0 | M73: =集贸价格明细!M1548 -> 0 | N73: =集贸价格明细!K1549 -> -0.4 | O73: =集贸价格明细!M1549 -> 0 | P73: =集贸价格明细!K1550 -> 0.6 | Q73: =集贸价格明细!M1550 -> -16.4 | R73: =集贸价格明细!K1551 -> 0 | S73: =集贸价格明细!M1551 -> -9.5 | T73: =集贸价格明细!K1552 -> 0 | U73: =集贸价格明细!M1552 -> -8.9 | V73: =集贸价格明细!K1553 -> 0 | W73: =集贸价格明细!M1553 -> -9.4
A74: 45693 | B74: 1月第4周 | C74: =集贸价格明细!H1567 -> 2.27 | D74: =集贸价格明细!H1568 -> 2.09 | E74: =集贸价格明细!H1569 -> 2.46 | F74: =集贸价格明细!H1570 -> 3.3 | G74: =集贸价格明细!H1571 -> 3.34 | H74: =集贸价格明细!H1572 -> 3.46 | I74: =集贸价格明细!H1573 -> 3.17 | J74: =集贸价格明细!K1567 -> 0 | K74: =集贸价格明细!M1567 -> -15 | L74: =集贸价格明细!K1568 -> 0 | M74: =集贸价格明细!M1568 -> 0 | N74: =集贸价格明细!K1569 -> 0.4 | O74: =集贸价格明细!M1569 -> 0 | P74: =集贸价格明细!K1570 -> 1.2 | Q74: =集贸价格明细!M1570 -> -18.5 | R74: =集贸价格明细!K1571 -> 0 | S74: =集贸价格明细!M1571 -> -10 | T74: =集贸价格明细!K1572 -> -0.3 | U74: =集贸价格明细!M1572 -> -9.4 | V74: =集贸价格明细!K1573 -> 0 | W74: =集贸价格明细!M1573 -> -9.9
A75: 45678 | B75: 1月第3周 | C75: =集贸价格明细!H1587 -> 2.27 | D75: =集贸价格明细!H1588 -> 2.09 | E75: =集贸价格明细!H1589 -> 2.45 | F75: =集贸价格明细!H1590 -> 3.26 | G75: =集贸价格明细!H1591 -> 3.34 | H75: =集贸价格明细!H1592 -> 3.47 | I75: =集贸价格明细!H1593 -> 3.17 | J75: =集贸价格明细!K1587 -> -0.4 | K75: =集贸价格明细!M1587 -> -15.9 | L75: =集贸价格明细!K1588 -> 0 | M75: =集贸价格明细!M1588 -> 0 | N75: =集贸价格明细!K1589 -> 0 | O75: =集贸价格明细!M1589 -> 0 | P75: =集贸价格明细!K1590 -> 1.2 | Q75: =集贸价格明细!M1590 -> -21.1 | R75: =集贸价格明细!K1591 -> -0.3 | S75: =集贸价格明细!M1591 -> -10.5 | T75: =集贸价格明细!K1592 -> 0 | U75: =集贸价格明细!M1592 -> -9.6 | V75: =集贸价格明细!K1593 -> 0 | W75: =集贸价格明细!M1593 -> -10.7
A76: 45671 | B76: 1月第2周 | C76: =集贸价格明细!H1607 -> 2.28 | D76: =集贸价格明细!H1608 -> 2.09 | E76: =集贸价格明细!H1609 -> 2.45 | F76: =集贸价格明细!H1610 -> 3.22 | G76: =集贸价格明细!H1611 -> 3.35 | H76: =集贸价格明细!H1612 -> 3.47 | I76: =集贸价格明细!H1613 -> 3.17 | J76: =集贸价格明细!K1607 -> -0.4 | K76: =集贸价格明细!M1607 -> -16.8 | L76: =集贸价格明细!K1608 -> 0 | M76: =集贸价格明细!M1608 -> 0 | N76: =集贸价格明细!K1609 -> 0 | O76: =集贸价格明细!M1609 -> 0 | P76: =集贸价格明细!K1610 -> -0.3 | Q76: =集贸价格明细!M1610 -> -23.7 | R76: =集贸价格明细!K1611 -> 0 | S76: =集贸价格明细!M1611 -> -10.7 | T76: =集贸价格明细!K1612 -> 0 | U76: =集贸价格明细!M1612 -> -10.3 | V76: =集贸价格明细!K1613 -> -0.3 | W76: =集贸价格明细!M1613 -> -11.5
A77: 45664 | B77: 1月第1周 | C77: =集贸价格明细!H1627 -> 2.29 | D77: =集贸价格明细!H1628 -> 2.09 | E77: =集贸价格明细!H1629 -> 2.45 | F77: =集贸价格明细!H1630 -> 3.23 | G77: =集贸价格明细!H1631 -> 3.35 | H77: =集贸价格明细!H1632 -> 3.47 | I77: =集贸价格明细!H1633 -> 3.18 | J77: =集贸价格明细!K1627 -> -0.4 | K77: =集贸价格明细!M1627 -> -17 | L77: =集贸价格明细!K1628 -> -0.5 | M77: =集贸价格明细!M1628 -> 0 | N77: =集贸价格明细!K1629 -> -0.4 | O77: =集贸价格明细!M1629 -> 0 | P77: =集贸价格明细!K1630 -> 0 | Q77: =集贸价格明细!M1630 -> -24.4 | R77: =集贸价格明细!K1631 -> -0.3 | S77: =集贸价格明细!M1631 -> -11.1 | T77: =集贸价格明细!K1632 -> -0.3 | U77: =集贸价格明细!M1632 -> -10.8 | V77: =集贸价格明细!K1633 -> 0 | W77: =集贸价格明细!M1633 -> -11.4
A78: 45657 | B78: 12月第4周 | C78: =集贸价格明细!H1647 -> 2.3 | D78: =集贸价格明细!H1648 -> 2.1 | E78: =集贸价格明细!H1649 -> 2.46 | F78: =集贸价格明细!H1650 -> 3.23 | G78: =集贸价格明细!H1651 -> 3.36 | H78: =集贸价格明细!H1652 -> 3.48 | I78: =集贸价格明细!H1653 -> 3.18 | J78: =集贸价格明细!K1647 -> -0.4 | K78: =集贸价格明细!M1647 -> -17.6 | L78: =集贸价格明细!K1648 -> -0.5 | M78: =集贸价格明细!M1648 -> 0 | N78: =集贸价格明细!K1649 -> -0.4 | O78: =集贸价格明细!M1649 -> 0 | P78: =集贸价格明细!K1650 -> -0.9 | Q78: =集贸价格明细!M1650 -> -24.5 | R78: =集贸价格明细!K1651 -> 0 | S78: =集贸价格明细!M1651 -> -11.1 | T78: =集贸价格明细!K1652 -> -0.3 | U78: =集贸价格明细!M1652 -> -10.8 | V78: =集贸价格明细!K1653 -> -0.3 | W78: =集贸价格明细!M1653 -> -11.7
A79: 45650 | B79: 12月第3周 | C79: =集贸价格明细!H1667 -> 2.31 | D79: =集贸价格明细!H1668 -> 2.11 | E79: =集贸价格明细!H1669 -> 2.47 | F79: =集贸价格明细!H1670 -> 3.26 | G79: =集贸价格明细!H1671 -> 3.36 | H79: =集贸价格明细!H1672 -> 3.49 | I79: =集贸价格明细!H1673 -> 3.19 | J79: =集贸价格明细!K1667 -> -0.4 | K79: =集贸价格明细!M1667 -> -17.5 | L79: =集贸价格明细!K1668 -> -0.9 | M79: =集贸价格明细!M1668 -> 0 | N79: =集贸价格明细!K1669 -> -0.8 | O79: =集贸价格明细!M1669 -> 0 | P79: =集贸价格明细!K1670 -> -0.6 | Q79: =集贸价格明细!M1670 -> -24.4 | R79: =集贸价格明细!K1671 -> -0.3 | S79: =集贸价格明细!M1671 -> -11.3 | T79: =集贸价格明细!K1672 -> -0.3 | U79: =集贸价格明细!M1672 -> -10.7 | V79: =集贸价格明细!K1673 -> 0 | W79: =集贸价格明细!M1673 -> -11.6
A80: 45643 | B80: 12月第2周 | C80: =集贸价格明细!H1687 -> 2.32 | D80: =集贸价格明细!H1688 -> 2.13 | E80: =集贸价格明细!H1689 -> 2.49 | F80: =集贸价格明细!H1690 -> 3.28 | G80: =集贸价格明细!H1691 -> 3.37 | H80: =集贸价格明细!H1692 -> 3.5 | I80: =集贸价格明细!H1693 -> 3.19 | J80: =集贸价格明细!K1687 -> -0.9 | K80: =集贸价格明细!M1687 -> -17.7 | L80: =集贸价格明细!K1688 -> -0.9 | M80: =集贸价格明细!M1688 -> 0 | N80: =集贸价格明细!K1689 -> -0.4 | O80: =集贸价格明细!M1689 -> 0 | P80: =集贸价格明细!K1690 -> -0.9 | Q80: =集贸价格明细!M1690 -> -24.4 | R80: =集贸价格明细!K1691 -> -0.3 | S80: =集贸价格明细!M1691 -> -11.3 | T80: =集贸价格明细!K1692 -> 0 | U80: =集贸价格明细!M1692 -> -10.7 | V80: =集贸价格明细!K1693 -> -0.3 | W80: =集贸价格明细!M1693 -> -11.9
A81: 45636 | B81: 12月第1周 | C81: =集贸价格明细!H1707 -> 2.34 | D81: =集贸价格明细!H1708 -> 2.15 | E81: =集贸价格明细!H1709 -> 2.5 | F81: =集贸价格明细!H1710 -> 3.31 | G81: =集贸价格明细!H1711 -> 3.38 | H81: =集贸价格明细!H1712 -> 3.5 | I81: =集贸价格明细!H1713 -> 3.2 | J81: =集贸价格明细!K1707 -> 0 | K81: =集贸价格明细!M1707 -> -17.6 | L81: =集贸价格明细!K1708 -> -0.5 | M81: =集贸价格明细!M1708 -> 0 | N81: =集贸价格明细!K1709 -> -0.4 | O81: =集贸价格明细!M1709 -> 0 | P81: =集贸价格明细!K1710 -> -0.6 | Q81: =集贸价格明细!M1710 -> -23.9 | R81: =集贸价格明细!K1711 -> 0 | S81: =集贸价格明细!M1711 -> -11.3 | T81: =集贸价格明细!K1712 -> -0.3 | U81: =集贸价格明细!M1712 -> -10.9 | V81: =集贸价格明细!K1713 -> -0.3 | W81: =集贸价格明细!M1713 -> -11.8
A82: 45629 | B82: 11月第4周 | C82: =集贸价格明细!H1727 -> 2.34 | D82: =集贸价格明细!H1728 -> 2.16 | E82: =集贸价格明细!H1729 -> 2.51 | F82: =集贸价格明细!H1730 -> 3.33 | G82: =集贸价格明细!H1731 -> 3.38 | H82: =集贸价格明细!H1732 -> 3.51 | I82: =集贸价格明细!H1733 -> 3.21 | J82: =集贸价格明细!K1727 -> -0.4 | K82: =集贸价格明细!M1727 -> -17.9 | L82: =集贸价格明细!K1728 -> 0 | M82: =集贸价格明细!M1728 -> 0 | N82: =集贸价格明细!K1729 -> -1.2 | O82: =集贸价格明细!M1729 -> 0 | P82: =集贸价格明细!K1730 -> -0.6 | Q82: =集贸价格明细!M1730 -> -24.5 | R82: =集贸价格明细!K1731 -> -0.3 | S82: =集贸价格明细!M1731 -> -11.5 | T82: =集贸价格明细!K1732 -> 0 | U82: =集贸价格明细!M1732 -> -10.9 | V82: =集贸价格明细!K1733 -> 0 | W82: =集贸价格明细!M1733 -> -11.8
A83: 45622 | B83: 11月第3周 | C83: =集贸价格明细!H1747 -> 2.35 | D83: =集贸价格明细!H1748 -> 2.16 | E83: =集贸价格明细!H1749 -> 2.54 | F83: =集贸价格明细!H1750 -> 3.35 | G83: =集贸价格明细!H1751 -> 3.39 | H83: =集贸价格明细!H1752 -> 3.51 | I83: =集贸价格明细!H1753 -> 3.21 | J83: =集贸价格明细!K1747 -> -0.4 | K83: =集贸价格明细!M1747 -> -18.1 | L83: =集贸价格明细!K1748 -> 0 | M83: =集贸价格明细!M1748 -> 0 | N83: =集贸价格明细!K1749 -> 0.4 | O83: =集贸价格明细!M1749 -> 0 | P83: =集贸价格明细!K1750 -> -0.6 | Q83: =集贸价格明细!M1750 -> -25.2 | R83: =集贸价格明细!K1751 -> -0.3 | S83: =集贸价格明细!M1751 -> -11.5 | T83: =集贸价格明细!K1752 -> -0.3 | U83: =集贸价格明细!M1752 -> -11.1 | V83: =集贸价格明细!K1753 -> -0.3 | W83: =集贸价格明细!M1753 -> -12.1
A84: 45616 | B84: 11月第2周 | C84: =集贸价格明细!H1767 -> 2.36 | D84: =集贸价格明细!H1768 -> 2.16 | E84: =集贸价格明细!H1769 -> 2.53 | F84: =集贸价格明细!H1770 -> 3.37 | G84: =集贸价格明细!H1771 -> 3.4 | H84: =集贸价格明细!H1772 -> 3.52 | I84: =集贸价格明细!H1773 -> 3.22 | J84: =集贸价格明细!K1767 -> -0.4 | K84: =集贸价格明细!M1767 -> -18.3 | L84: =集贸价格明细!K1768 -> -1.4 | M84: =集贸价格明细!M1768 -> 0 | N84: =集贸价格明细!K1769 -> 0 | O84: =集贸价格明细!M1769 -> 0 | P84: =集贸价格明细!K1770 -> 0.9 | Q84: =集贸价格明细!M1770 -> -25.4 | R84: =集贸价格明细!K1771 -> 0 | S84: =集贸价格明细!M1771 -> -11.5 | T84: =集贸价格明细!K1772 -> 0 | U84: =集贸价格明细!M1772 -> -11.1 | V84: =集贸价格明细!K1773 -> 0.3 | W84: =集贸价格明细!M1773 -> -12
A85: 45607 | B85: 11月第1周 | C85: =集贸价格明细!H1787 -> 2.37 | D85: =集贸价格明细!H1788 -> 2.19 | E85: =集贸价格明细!H1789 -> 2.53 | F85: =集贸价格明细!H1790 -> 3.34 | G85: =集贸价格明细!H1791 -> 3.4 | H85: =集贸价格明细!H1792 -> 3.52 | I85: =集贸价格明细!H1793 -> 3.21 | J85: =集贸价格明细!K1787 -> -0.4 | K85: =集贸价格明细!M1787 -> -18.6 | L85: =集贸价格明细!K1788 -> -0.5 | M85: =集贸价格明细!M1788 -> 0 | N85: =集贸价格明细!K1789 -> -0.4 | O85: =集贸价格明细!M1789 -> 0 | P85: =集贸价格明细!K1790 -> 0 | Q85: =集贸价格明细!M1790 -> -26.6 | R85: =集贸价格明细!K1791 -> 0 | S85: =集贸价格明细!M1791 -> -11.7 | T85: =集贸价格明细!K1792 -> -0.3 | U85: =集贸价格明细!M1792 -> -11.3 | V85: =集贸价格明细!K1793 -> -0.3 | W85: =集贸价格明细!M1793 -> -12.5
A86: 45601 | B86: 10月第5周 | C86: =集贸价格明细!H1807 -> 2.38 | D86: =集贸价格明细!H1808 -> 2.2 | E86: =集贸价格明细!H1809 -> 2.54 | F86: =集贸价格明细!H1810 -> 3.34 | G86: =集贸价格明细!H1811 -> 3.4 | H86: =集贸价格明细!H1812 -> 3.53 | I86: =集贸价格明细!H1813 -> 3.22 | J86: =集贸价格明细!K1807 -> -0.4 | K86: =集贸价格明细!M1807 -> -18.5 | L86: =集贸价格明细!K1808 -> -1.4 | M86: =集贸价格明细!M1808 -> 0 | N86: =集贸价格明细!K1809 -> -0.4 | O86: =集贸价格明细!M1809 -> 0 | P86: =集贸价格明细!K1810 -> -0.3 | Q86: =集贸价格明细!M1810 -> -26.4 | R86: =集贸价格明细!K1811 -> -0.3 | S86: =集贸价格明细!M1811 -> -11.9 | T86: =集贸价格明细!K1812 -> 0 | U86: =集贸价格明细!M1812 -> -11.3 | V86: =集贸价格明细!K1813 -> 0 | W86: =集贸价格明细!M1813 -> -12.3
A87: 45593 | B87: 10月第4周 | C87: =集贸价格明细!H1827 -> 2.39 | D87: =集贸价格明细!H1828 -> 2.23 | E87: =集贸价格明细!H1829 -> 2.55 | F87: =集贸价格明细!H1830 -> 3.35 | G87: =集贸价格明细!H1831 -> 3.41 | H87: =集贸价格明细!H1832 -> 3.53 | I87: =集贸价格明细!H1833 -> 3.22 | J87: =集贸价格明细!K1827 -> -0.4 | K87: =集贸价格明细!M1827 -> -19 | L87: =集贸价格明细!K1828 -> -1.3 | M87: =集贸价格明细!M1828 -> 0 | N87: =集贸价格明细!K1829 -> -0.8 | O87: =集贸价格明细!M1829 -> 0 | P87: =集贸价格明细!K1830 -> -0.9 | Q87: =集贸价格明细!M1830 -> -27 | R87: =集贸价格明细!K1831 -> 0 | S87: =集贸价格明细!M1831 -> -12.1 | T87: =集贸价格明细!K1832 -> 0 | U87: =集贸价格明细!M1832 -> -11.5 | V87: =集贸价格明细!K1833 -> -0.3 | W87: =集贸价格明细!M1833 -> -12.7
A88: 45587 | B88: 10月第3周 | C88: =集贸价格明细!H1847 -> 2.4 | D88: =集贸价格明细!H1848 -> 2.26 | E88: =集贸价格明细!H1849 -> 2.57 | F88: =集贸价格明细!H1850 -> 3.38 | G88: =集贸价格明细!H1851 -> 3.41 | H88: =集贸价格明细!H1852 -> 3.53 | I88: =集贸价格明细!H1853 -> 3.23 | J88: =集贸价格明细!K1847 -> -0.8 | K88: =集贸价格明细!M1847 -> -19.5 | L88: =集贸价格明细!K1848 -> -0.9 | M88: =集贸价格明细!M1848 -> 0 | N88: =集贸价格明细!K1849 -> -0.8 | O88: =集贸价格明细!M1849 -> 0 | P88: =集贸价格明细!K1850 -> -0.6 | Q88: =集贸价格明细!M1850 -> -27.6 | R88: =集贸价格明细!K1851 -> -0.6 | S88: =集贸价格明细!M1851 -> -12.6 | T88: =集贸价格明细!K1852 -> -0.6 | U88: =集贸价格明细!M1852 -> -12 | V88: =集贸价格明细!K1853 -> -0.3 | W88: =集贸价格明细!M1853 -> -12.7
A89: 45580 | B89: 10月第2周 | C89: =集贸价格明细!H1867 -> 2.42 | D89: =集贸价格明细!H1868 -> 2.28 | E89: =集贸价格明细!H1869 -> 2.59 | F89: =集贸价格明细!H1870 -> 3.4 | G89: =集贸价格明细!H1871 -> 3.43 | H89: =集贸价格明细!H1872 -> 3.55 | I89: =集贸价格明细!H1873 -> 3.24 | J89: =集贸价格明细!K1867 -> -0.4 | K89: =集贸价格明细!M1867 -> -19.6 | L89: =集贸价格明细!K1868 -> 0 | M89: =集贸价格明细!M1868 -> 0 | N89: =集贸价格明细!K1869 -> 0 | O89: =集贸价格明细!M1869 -> 0 | P89: =集贸价格明细!K1870 -> -0.3 | Q89: =集贸价格明细!M1870 -> -28.4 | R89: =集贸价格明细!K1871 -> 0 | S89: =集贸价格明细!M1871 -> -12.3 | T89: =集贸价格明细!K1872 -> 0 | U89: =集贸价格明细!M1872 -> -11.7 | V89: =集贸价格明细!K1873 -> -0.3 | W89: =集贸价格明细!M1873 -> -12.9
A90: 45575 | B90: 10月第1周 | C90: =集贸价格明细!H1887 -> 2.43 | D90: =集贸价格明细!H1888 -> 2.28 | E90: =集贸价格明细!H1889 -> 2.59 | F90: =集贸价格明细!H1890 -> 3.41 | G90: =集贸价格明细!H1891 -> 3.43 | H90: =集贸价格明细!H1892 -> 3.55 | I90: =集贸价格明细!H1893 -> 3.25 | J90: =集贸价格明细!K1887 -> -1.6 | K90: =集贸价格明细!M1887 -> -19.8 | L90: =集贸价格明细!K1888 -> -1.3 | M90: =集贸价格明细!M1888 -> 0 | N90: =集贸价格明细!K1889 -> -1.5 | O90: =集贸价格明细!M1889 -> 0 | P90: =集贸价格明细!K1890 -> 0.3 | Q90: =集贸价格明细!M1890 -> -29.4 | R90: =集贸价格明细!K1891 -> -0.3 | S90: =集贸价格明细!M1891 -> -12.7 | T90: =集贸价格明细!K1892 -> -0.3 | U90: =集贸价格明细!M1892 -> -12.1 | V90: =集贸价格明细!K1893 -> -0.3 | W90: =集贸价格明细!M1893 -> -12.9
A91: 45564 | B91: 9月第4周 | C91: =集贸价格明细!H1907 -> 2.47 | D91: =集贸价格明细!H1908 -> 2.31 | E91: =集贸价格明细!H1909 -> 2.63 | F91: =集贸价格明细!H1910 -> 3.4 | G91: =集贸价格明细!H1911 -> 3.44 | H91: =集贸价格明细!H1912 -> 3.56 | I91: =集贸价格明细!H1913 -> 3.26 | J91: =集贸价格明细!K1907 -> -1.2 | K91: =集贸价格明细!M1907 -> -18.8 | L91: =集贸价格明细!K1908 -> -1.3 | M91: =集贸价格明细!M1908 -> 0 | N91: =集贸价格明细!K1909 -> -0.8 | O91: =集贸价格明细!M1909 -> 0 | P91: =集贸价格明细!K1910 -> 0 | Q91: =集贸价格明细!M1910 -> -30 | R91: =集贸价格明细!K1911 -> -0.3 | S91: =集贸价格明细!M1911 -> -12.7 | T91: =集贸价格明细!K1912 -> -0.3 | U91: =集贸价格明细!M1912 -> -12.1 | V91: =集贸价格明细!K1913 -> -0.6 | W91: =集贸价格明细!M1913 -> -12.8
A92: 45559 | B92: 9月第3周 | C92: =集贸价格明细!H1927 -> 2.5 | D92: =集贸价格明细!H1928 -> 2.34 | E92: =集贸价格明细!H1929 -> 2.65 | F92: =集贸价格明细!H1930 -> 3.4 | G92: =集贸价格明细!H1931 -> 3.45 | H92: =集贸价格明细!H1932 -> 3.57 | I92: =集贸价格明细!H1933 -> 3.28 | J92: =集贸价格明细!K1927 -> -0.4 | K92: =集贸价格明细!M1927 -> -18.3 | L92: =集贸价格明细!K1928 -> -0.4 | M92: =集贸价格明细!M1928 -> 0 | N92: =集贸价格明细!K1929 -> -0.8 | O92: =集贸价格明细!M1929 -> 0 | P92: =集贸价格明细!K1930 -> 0 | Q92: =集贸价格明细!M1930 -> -30.9 | R92: =集贸价格明细!K1931 -> -0.3 | S92: =集贸价格明细!M1931 -> -12.7 | T92: =集贸价格明细!K1932 -> 0 | U92: =集贸价格明细!M1932 -> -12.1 | V92: =集贸价格明细!K1933 -> 0 | W92: =集贸价格明细!M1933 -> -12.5
A93: 45553 | B93: 9月第2周 | C93: =集贸价格明细!H1947 -> 2.51 | D93: =集贸价格明细!H1948 -> 2.35 | E93: =集贸价格明细!H1949 -> 2.67 | F93: =集贸价格明细!H1950 -> 3.4 | G93: =集贸价格明细!H1951 -> 3.46 | H93: =集贸价格明细!H1952 -> 3.57 | I93: =集贸价格明细!H1953 -> 3.28 | J93: =集贸价格明细!K1947 -> -0.4 | K93: =集贸价格明细!M1947 -> -18.2 | L93: =集贸价格明细!K1948 -> -0.4 | M93: =集贸价格明细!M1948 -> 0 | N93: =集贸价格明细!K1949 -> -1.1 | O93: =集贸价格明细!M1949 -> 0 | P93: =集贸价格明细!K1950 -> 0.6 | Q93: =集贸价格明细!M1950 -> -31.5 | R93: =集贸价格明细!K1951 -> 0 | S93: =集贸价格明细!M1951 -> -12.6 | T93: =集贸价格明细!K1952 -> -0.3 | U93: =集贸价格明细!M1952 -> -12.1 | V93: =集贸价格明细!K1953 -> -0.3 | W93: =集贸价格明细!M1953 -> -12.5
A94: 45546 | B94: 9月第1周 | C94: =集贸价格明细!H1967 -> 2.52 | D94: =集贸价格明细!H1968 -> 2.36 | E94: =集贸价格明细!H1969 -> 2.7 | F94: =集贸价格明细!H1970 -> 3.38 | G94: =集贸价格明细!H1971 -> 3.46 | H94: =集贸价格明细!H1972 -> 3.58 | I94: =集贸价格明细!H1973 -> 3.29 | J94: =集贸价格明细!K1967 -> -0.4 | K94: =集贸价格明细!M1967 -> -17.6 | L94: =集贸价格明细!K1968 -> 0 | M94: =集贸价格明细!M1968 -> 0 | N94: =集贸价格明细!K1969 -> -0.4 | O94: =集贸价格明细!M1969 -> 0 | P94: =集贸价格明细!K1970 -> 0.6 | Q94: =集贸价格明细!M1970 -> -32 | R94: =集贸价格明细!K1971 -> -0.6 | S94: =集贸价格明细!M1971 -> -12.6 | T94: =集贸价格明细!K1972 -> -0.3 | U94: =集贸价格明细!M1972 -> -11.8 | V94: =集贸价格明细!K1973 -> -0.3 | W94: =集贸价格明细!M1973 -> -12.3
A95: 45538 | B95: 8月第5周 | C95: =集贸价格明细!H1987 -> 2.53 | D95: =集贸价格明细!H1988 -> 2.36 | E95: =集贸价格明细!H1989 -> 2.71 | F95: =集贸价格明细!H1990 -> 3.36 | G95: =集贸价格明细!H1991 -> 3.48 | H95: =集贸价格明细!H1992 -> 3.59 | I95: =集贸价格明细!H1993 -> 3.3 | J95: =集贸价格明细!K1987 -> -0.4 | K95: =集贸价格明细!M1987 -> -17.3 | L95: =集贸价格明细!K1988 -> -0.4 | M95: =集贸价格明细!M1988 -> 0 | N95: =集贸价格明细!K1989 -> 0.4 | O95: =集贸价格明细!M1989 -> 0 | P95: =集贸价格明细!K1990 -> -0.3 | Q95: =集贸价格明细!M1990 -> -32 | R95: =集贸价格明细!K1991 -> 0 | S95: =集贸价格明细!M1991 -> -11.7 | T95: =集贸价格明细!K1992 -> 0 | U95: =集贸价格明细!M1992 -> -11.4 | V95: =集贸价格明细!K1993 -> 0 | W95: =集贸价格明细!M1993 -> -11.8
A96: 45531 | B96: 8月第4周 | C96: =集贸价格明细!H2007 -> 2.54 | D96: =集贸价格明细!H2008 -> 2.37 | E96: =集贸价格明细!H2009 -> 2.7 | F96: =集贸价格明细!H2010 -> 3.37 | G96: =集贸价格明细!H2011 -> 3.48 | H96: =集贸价格明细!H2012 -> 3.59 | I96: =集贸价格明细!H2013 -> 3.3 | J96: =集贸价格明细!K2007 -> -0.8 | K96: =集贸价格明细!M2007 -> -16.7 | L96: =集贸价格明细!K2008 -> -0.8 | M96: =集贸价格明细!M2008 -> 0 | N96: =集贸价格明细!K2009 -> -0.7 | O96: =集贸价格明细!M2009 -> 0 | P96: =集贸价格明细!K2010 -> -0.9 | Q96: =集贸价格明细!M2010 -> -30.5 | R96: =集贸价格明细!K2011 -> -0.6 | S96: =集贸价格明细!M2011 -> -11.5 | T96: =集贸价格明细!K2012 -> -0.6 | U96: =集贸价格明细!M2012 -> -11.1 | V96: =集贸价格明细!K2013 -> -0.6 | W96: =集贸价格明细!M2013 -> -11.5
A97: 45524 | B97: 8月第3周 | C97: =集贸价格明细!H2027 -> 2.56 | D97: =集贸价格明细!H2028 -> 2.39 | E97: =集贸价格明细!H2029 -> 2.72 | F97: =集贸价格明细!H2030 -> 3.4 | G97: =集贸价格明细!H2031 -> 3.5 | H97: =集贸价格明细!H2032 -> 3.61 | I97: =集贸价格明细!H2033 -> 3.32 | J97: =集贸价格明细!K2027 -> -0.8 | K97: =集贸价格明细!M2027 -> -15.5 | L97: =集贸价格明细!K2028 -> -0.4 | M97: =集贸价格明细!M2028 -> 0 | N97: =集贸价格明细!K2029 -> 0 | O97: =集贸价格明细!M2029 -> 0 | P97: =集贸价格明细!K2030 -> -1.7 | Q97: =集贸价格明细!M2030 -> -27.7 | R97: =集贸价格明细!K2031 -> -0.6 | S97: =集贸价格明细!M2031 -> -10.3 | T97: =集贸价格明细!K2032 -> -0.3 | U97: =集贸价格明细!M2032 -> -10 | V97: =集贸价格明细!K2033 -> -0.6 | W97: =集贸价格明细!M2033 -> -10.3
A98: 45517 | B98: 8月第2周 | C98: =集贸价格明细!H2047 -> 2.58 | D98: =集贸价格明细!H2048 -> 2.4 | E98: =集贸价格明细!H2049 -> 2.72 | F98: =集贸价格明细!H2050 -> 3.46 | G98: =集贸价格明细!H2051 -> 3.52 | H98: =集贸价格明细!H2052 -> 3.62 | I98: =集贸价格明细!H2053 -> 3.34 | J98: =集贸价格明细!K2047 -> 0 | K98: =集贸价格明细!M2047 -> -14.3 | L98: =集贸价格明细!K2048 -> 0 | M98: =集贸价格明细!M2048 -> 0 | N98: =集贸价格明细!K2049 -> -0.4 | O98: =集贸价格明细!M2049 -> 0 | P98: =集贸价格明细!K2050 -> -0.9 | Q98: =集贸价格明细!M2050 -> -24.9 | R98: =集贸价格明细!K2051 -> -0.3 | S98: =集贸价格明细!M2051 -> -9.5 | T98: =集贸价格明细!K2052 -> -0.3 | U98: =集贸价格明细!M2052 -> -9.3 | V98: =集贸价格明细!K2053 -> -0.3 | W98: =集贸价格明细!M2053 -> -9.2
A99: 45509 | B99: 8月第1周 | C99: =集贸价格明细!H2067 -> 2.58 | D99: =集贸价格明细!H2068 -> 2.4 | E99: =集贸价格明细!H2069 -> 2.73 | F99: =集贸价格明细!H2070 -> 3.49 | G99: =集贸价格明细!H2071 -> 3.53 | H99: =集贸价格明细!H2072 -> 3.63 | I99: =集贸价格明细!H2073 -> 3.35 | J99: =集贸价格明细!K2067 -> -0.4 | K99: =集贸价格明细!M2067 -> -14 | L99: =集贸价格明细!K2068 -> 0 | M99: =集贸价格明细!M2068 -> 0 | N99: =集贸价格明细!K2069 -> 0.4 | O99: =集贸价格明细!M2069 -> 0 | P99: =集贸价格明细!K2070 -> -0.9 | Q99: =集贸价格明细!M2070 -> -23 | R99: =集贸价格明细!K2071 -> 0 | S99: =集贸价格明细!M2071 -> -9 | T99: =集贸价格明细!K2072 -> 0 | U99: =集贸价格明细!M2072 -> -8.6 | V99: =集贸价格明细!K2073 -> -0.3 | W99: =集贸价格明细!M2073 -> -8.5
A100: 45503 | B100: 7月第4周 | C100: =集贸价格明细!H2087 -> 2.59 | D100: =集贸价格明细!H2088 -> 2.4 | E100: =集贸价格明细!H2089 -> 2.72 | F100: =集贸价格明细!H2090 -> 3.52 | G100: =集贸价格明细!H2091 -> 3.53 | H100: =集贸价格明细!H2092 -> 3.63 | I100: =集贸价格明细!H2093 -> 3.36 | J100: =集贸价格明细!K2087 -> 0 | K100: =集贸价格明细!M2087 -> -13.4 | L100: =集贸价格明细!K2088 -> -0.4 | M100: =集贸价格明细!M2088 -> 0 | N100: =集贸价格明细!K2089 -> 1.1 | O100: =集贸价格明细!M2089 -> 0 | P100: =集贸价格明细!K2090 -> -0.8 | Q100: =集贸价格明细!M2090 -> -21.6 | R100: =集贸价格明细!K2091 -> -0.3 | S100: =集贸价格明细!M2091 -> -8.8 | T100: =集贸价格明细!K2092 -> 0 | U100: =集贸价格明细!M2092 -> -8.3 | V100: =集贸价格明细!K2093 -> 0 | W100: =集贸价格明细!M2093 -> -7.9
...

Sheet 生猪定点屠宰价格
C1: 指标价格
A2: 时间 | B2: 周期 | C2: 生猪平均收购价格（元/kg） | D2: 白条肉平均出厂价格（元/kg） | E2: 生猪平均收购价格环比 | F2: 生猪平均收购价格同比 | G2: 白条肉平均出厂价格环比 | H2: 白条肉平均出厂价格同比
A3: 46182 | B3: 5月第4周 | C3: =屠宰价格明细!E2 -> 11.23 | D3: =屠宰价格明细!E3 -> 14.89 | E3: =屠宰价格明细!H2 -> -0.2 | F3: =屠宰价格明细!J2 -> -29.3 | G3: =屠宰价格明细!H3 -> -0.4 | H3: =屠宰价格明细!J3 -> -28.6
A4: 46171 | B4: 5月第3周 | C4: =屠宰价格明细!E4 -> 11.25 | D4: =屠宰价格明细!E5 -> 14.95 | E4: =屠宰价格明细!H4 -> 0 | F4: =屠宰价格明细!J4 -> -29.3 | G4: =屠宰价格明细!H5 -> 0.3 | H4: =屠宰价格明细!J5 -> -28.4
A5: 46168 | B5: 5月第2周 | C5: =屠宰价格明细!E6 -> 11.25 | D5: =屠宰价格明细!E7 -> 14.91 | E5: =屠宰价格明细!H6 -> -0.4 | F5: =屠宰价格明细!J6 -> -29.9 | G5: =屠宰价格明细!H7 -> -0.5 | H5: =屠宰价格明细!J7 -> -29
A6: 46157 | B6: 5月第1周 | C6: =屠宰价格明细!E8 -> 11.3 | D6: =屠宰价格明细!E9 -> 14.98 | E6: =屠宰价格明细!H8 -> -0.8 | F6: =屠宰价格明细!J8 -> -29.9 | G6: =屠宰价格明细!H9 -> -1 | H6: =屠宰价格明细!J9 -> -28.9
A7: 46154 | B7: 4月第5周 | C7: =屠宰价格明细!E10 -> 11.39 | D7: =屠宰价格明细!E11 -> 15.13 | E7: =屠宰价格明细!H10 -> 0.7 | F7: =屠宰价格明细!J10 -> -29.5 | G7: =屠宰价格明细!H11 -> 0.7 | H7: =屠宰价格明细!J11 -> -28.5
A8: 46142 | B8: 4月第4周 | C8: =屠宰价格明细!E12 -> 11.31 | D8: =屠宰价格明细!E13 -> 15.02 | E8: =屠宰价格明细!H12 -> 3.3 | F8: =屠宰价格明细!J12 -> -30.2 | G8: =屠宰价格明细!H13 -> 2.5 | H8: =屠宰价格明细!J13 -> -29.3
A9: 46140 | B9: 4月第3周 | C9: =屠宰价格明细!E14 -> 10.95 | D9: =屠宰价格明细!E15 -> 14.66 | E9: =屠宰价格明细!H14 -> -1.5 | F9: =屠宰价格明细!J14 -> -32.4 | G9: =屠宰价格明细!H15 -> -1.3 | H9: =屠宰价格明细!J15 -> -30.8
A10: 46129 | B10: 4月第2周 | C10: =屠宰价格明细!E16 -> 11.12 | D10: =屠宰价格明细!E17 -> 14.85 | E10: =屠宰价格明细!H16 -> -2.5 | F10: =屠宰价格明细!J16 -> -31.1 | G10: =屠宰价格明细!H17 -> -2.2 | H10: =屠宰价格明细!J17 -> -29.8
A11: 46126 | B11: 4月第1周 | C11: =屠宰价格明细!E18 -> 11.4 | D11: =屠宰价格明细!E19 -> 15.19 | E11: =屠宰价格明细!H18 -> -2.6 | F11: =屠宰价格明细!J18 -> -29.6 | G11: =屠宰价格明细!H19 -> -2.3 | H11: =屠宰价格明细!J19 -> -28.6
A12: 46114 | B12: 3月第4周 | C12: =屠宰价格明细!E20 -> 11.7 | D12: =屠宰价格明细!E21 -> 15.55 | E12: =屠宰价格明细!H20 -> -2.3 | F12: =屠宰价格明细!J20 -> -28 | G12: =屠宰价格明细!H21 -> -1.9 | H12: =屠宰价格明细!J21 -> -27.1
A13: 46111 | B13: 3月第3周 | C13: =屠宰价格明细!E22 -> 11.98 | D13: =屠宰价格明细!E23 -> 15.85 | E13: =屠宰价格明细!H22 -> -1.5 | F13: =屠宰价格明细!J22 -> -26.6 | G13: =屠宰价格明细!H23 -> -1.2 | H13: =屠宰价格明细!J23 -> -26
A14: 46106 | B14: 3月第2周 | C14: =屠宰价格明细!E24 -> 12.16 | D14: =屠宰价格明细!E25 -> 16.05 | E14: =屠宰价格明细!H24 -> -3.2 | F14: =屠宰价格明细!J24 -> -25.8 | G14: =屠宰价格明细!H25 -> -3 | H14: =屠宰价格明细!J25 -> -25.3
A15: 46097 | B15: 3月第1周 | C15: =屠宰价格明细!E26 -> 12.56 | D15: =屠宰价格明细!E27 -> 16.55 | E15: =屠宰价格明细!H26 -> -4 | F15: =屠宰价格明细!J26 -> -23.6 | G15: =屠宰价格明细!H27 -> -4 | H15: =屠宰价格明细!J27 -> -23.2
A16: 46090 | B16: 2月第4周 | C16: =屠宰价格明细!E28 -> 13.09 | D16: =屠宰价格明细!E29 -> 17.24 | E16: =屠宰价格明细!H28 -> -4.2 | F16: =屠宰价格明细!J28 -> -21.1 | G16: =屠宰价格明细!H29 -> -4.3 | H16: =屠宰价格明细!J29 -> -20.7
A17: 46086 | B17: 2月第3周 | C17: =屠宰价格明细!E30 -> 13.66 | D17: =屠宰价格明细!E31 -> 18.01 | E17: =屠宰价格明细!H30 -> 0.6 | F17: =屠宰价格明细!J30 -> -18.4 | G17: =屠宰价格明细!H31 -> 0.8 | H17: =屠宰价格明细!J31 -> -17.6
A18: 46084 | B18: 2月第2周 | C18: =屠宰价格明细!E32 -> 13.58 | D18: =屠宰价格明细!E33 -> 17.86 | E18: =屠宰价格明细!H32 -> -1.9 | F18: =屠宰价格明细!J32 -> -19.2 | G18: =屠宰价格明细!H33 -> -0.9 | H18: =屠宰价格明细!J33 -> -18.9
A19: 46064 | B19: 2月第1周 | C19: =屠宰价格明细!E34 -> 13.84 | D19: =屠宰价格明细!E35 -> 18.03 | E19: =屠宰价格明细!H34 -> -1.6 | F19: =屠宰价格明细!J34 -> -20 | G19: =屠宰价格明细!H35 -> -1.2 | H19: =屠宰价格明细!J35 -> -20.3
A20: 46062 | B20: 1月第5周 | C20: =屠宰价格明细!E36 -> 14.06 | D20: =屠宰价格明细!E37 -> 18.24 | E20: =屠宰价格明细!H36 -> -0.4 | F20: =屠宰价格明细!J36 -> -20.2 | G20: =屠宰价格明细!H37 -> -0.2 | H20: =屠宰价格明细!J37 -> -21
A21: 46056 | B21: 1月第4周 | C21: =屠宰价格明细!E38 -> 14.11 | D21: =屠宰价格明细!E39 -> 18.28 | E21: =屠宰价格明细!H38 -> 1.7 | F21: =屠宰价格明细!J38 -> -19.1 | G21: =屠宰价格明细!H39 -> 1.6 | H21: =屠宰价格明细!J39 -> -20.2
A22: 46051 | B22: 1月第3周 | C22: =屠宰价格明细!E40 -> 13.87 | D22: =屠宰价格明细!E41 -> 17.99 | E22: =屠宰价格明细!H40 -> 1.2 | F22: =屠宰价格明细!J40 -> -20.6 | G22: =屠宰价格明细!H41 -> 1 | H22: =屠宰价格明细!J41 -> -21
A23: 46048 | B23: 1月第2周 | C23: =屠宰价格明细!E42 -> 13.71 | D23: =屠宰价格明细!E43 -> 17.81 | E23: =屠宰价格明细!H42 -> 1.1 | F23: =屠宰价格明细!J42 -> -21.7 | G23: =屠宰价格明细!H43 -> 1.1 | H23: =屠宰价格明细!J43 -> -22
A24: 46034 | B24: 1月第1周 | C24: =屠宰价格明细!E44 -> 13.56 | D24: =屠宰价格明细!E45 -> 17.62 | E24: =屠宰价格明细!H44 -> 3.6 | F24: =屠宰价格明细!J44 -> -22.4 | G24: =屠宰价格明细!H45 -> 3 | H24: =屠宰价格明细!J45 -> -22.5
A25: 46027 | B25: 12月第4周 | C25: =屠宰价格明细!E46 -> 13.09 | D25: =屠宰价格明细!E47 -> 17.1 | E25: =屠宰价格明细!H46 -> 0.6 | F25: =屠宰价格明细!J46 -> -24.5 | G25: =屠宰价格明细!H47 -> 0.4 | H25: =屠宰价格明细!J47 -> -24.4
A26: 46017 | B26: 12月第3周 | C26: =屠宰价格明细!E48 -> 13.01 | D26: =屠宰价格明细!E49 -> 17.03 | E26: =屠宰价格明细!H48 -> 0.2 | F26: =屠宰价格明细!J48 -> -25.2 | G26: =屠宰价格明细!H49 -> 0.3 | H26: =屠宰价格明细!J49 -> -24.9
A27: 46010 | B27: 12月第2周 | C27: =屠宰价格明细!E50 -> 12.98 | D27: =屠宰价格明细!E51 -> 16.98 | E27: =屠宰价格明细!H50 -> 0.1 | F27: =屠宰价格明细!J50 -> -25.9 | G27: =屠宰价格明细!H51 -> 0 | H27: =屠宰价格明细!J51 -> -25.5
A28: 46007 | B28: 12月第1周 | C28: =屠宰价格明细!E52 -> 12.97 | D28: =屠宰价格明细!E53 -> 16.98 | E28: =屠宰价格明细!H52 -> -1.1 | F28: =屠宰价格明细!J52 -> -26.7 | G28: =屠宰价格明细!H53 -> -0.9 | H28: =屠宰价格明细!J53 -> -26.3
A29: 45999 | B29: 11月第4周 | C29: =屠宰价格明细!E54 -> 13.11 | D29: =屠宰价格明细!E55 -> 17.14 | E29: =屠宰价格明细!H54 -> -0.9 | F29: =屠宰价格明细!J54 -> -27 | G29: =屠宰价格明细!H55 -> -0.8 | H29: =屠宰价格明细!J55 -> -26.4
A30: 45992 | B30: 11月第3周 | C30: =屠宰价格明细!E56 -> 13.23 | D30: =屠宰价格明细!E57 -> 17.28 | E30: =屠宰价格明细!H56 -> -1 | F30: =屠宰价格明细!J56 -> -26.1 | G30: =屠宰价格明细!H57 -> -1 | H30: =屠宰价格明细!J57 -> -25.7
A31: 45982 | B31: 11月第2周 | C31: =屠宰价格明细!E58 -> 13.36 | D31: =屠宰价格明细!E59 -> 17.46 | E31: =屠宰价格明细!H58 -> -1 | F31: =屠宰价格明细!J58 -> -26.4 | G31: =屠宰价格明细!H59 -> -0.7 | H31: =屠宰价格明细!J59 -> -25.9
A32: 45981 | B32: 11月第1周 | C32: =屠宰价格明细!E60 -> 13.49 | D32: =屠宰价格明细!E61 -> 17.58 | E32: =屠宰价格明细!H60 -> -0.5 | F32: =屠宰价格明细!J60 -> -27.1 | G32: =屠宰价格明细!H61 -> -0.1 | H32: =屠宰价格明细!J61 -> -26.6
A33: 45975 | B33: 10月第5周 | C33: =屠宰价格明细!E62 -> 13.56 | D33: =屠宰价格明细!E63 -> 17.6 | E33: =屠宰价格明细!H62 -> 3.2 | F33: =屠宰价格明细!J62 -> -27.5 | G33: =屠宰价格明细!H63 -> 2.6 | H33: =屠宰价格明细!J63 -> -27.4
A34: 45964 | B34: 10月第4周 | C34: =屠宰价格明细!E64 -> 13.14 | D34: =屠宰价格明细!E65 -> 17.16 | E34: =屠宰价格明细!H64 -> 1.2 | F34: =屠宰价格明细!J64 -> -30.2 | G34: =屠宰价格明细!H65 -> 0.6 | H34: =屠宰价格明细!J65 -> -29.6
A35: 45953 | B35: 10月第3周 | C35: =屠宰价格明细!E66 -> 12.99 | D35: =屠宰价格明细!E67 -> 17.05 | E35: =屠宰价格明细!H66 -> -3.4 | F35: =屠宰价格明细!J66 -> -31.5 | G35: =屠宰价格明细!H67 -> -3 | H35: =屠宰价格明细!J67 -> -30.4
A36: 45950 | B36: 10月第2周 | C36: =屠宰价格明细!E68 -> 13.45 | D36: =屠宰价格明细!E69 -> 17.58 | E36: =屠宰价格明细!H68 -> -3 | F36: =屠宰价格明细!J68 -> -29.2 | G36: =屠宰价格明细!H69 -> -2.7 | H36: =屠宰价格明细!J69 -> -28.5
A37: 45941 | B37: 10月第1周 | C37: =屠宰价格明细!E70 -> 13.87 | D37: =屠宰价格明细!E71 -> 18.07 | E37: =屠宰价格明细!H70 -> -1.4 | F37: =屠宰价格明细!J70 -> -27.2 | G37: =屠宰价格明细!H71 -> -1.3 | H37: =屠宰价格明细!J71 -> -26.8
A38: 45940 | B38: 9月第4周 | C38: =屠宰价格明细!E72 -> 14.07 | D38: =屠宰价格明细!E73 -> 18.3 | E38: =屠宰价格明细!H72 -> -2.2 | F38: =屠宰价格明细!J72 -> -27.8 | G38: =屠宰价格明细!H73 -> -1.8 | H38: =屠宰价格明细!J73 -> -27.3
A39: 45928 | B39: 9月第3周 | C39: =屠宰价格明细!E74 -> 14.38 | D39: =屠宰价格明细!E75 -> 18.63 | E39: =屠宰价格明细!H74 -> -2 | F39: =屠宰价格明细!J74 -> -28.1 | G39: =屠宰价格明细!H75 -> -1.6 | H39: =屠宰价格明细!J75 -> -27.8
A40: 45922 | B40: 9月第2周 | C40: =屠宰价格明细!E76 -> 14.67 | D40: =屠宰价格明细!E77 -> 18.94 | E40: =屠宰价格明细!H76 -> -1.4 | F40: =屠宰价格明细!J76 -> -28 | G40: =屠宰价格明细!H77 -> -1.2 | H40: =屠宰价格明细!J77 -> -27.7
A41: 45917 | B41: 9月第1周 | C41: =屠宰价格明细!E78 -> 14.88 | D41: =屠宰价格明细!E79 -> 19.17 | E41: =屠宰价格明细!H78 -> 0.1 | F41: =屠宰价格明细!J78 -> -27.7 | G41: =屠宰价格明细!H79 -> 0.1 | H41: =屠宰价格明细!J79 -> -27.3
A42: 45908 | B42: 8月第4周 | C42: =屠宰价格明细!E80 -> 14.87 | D42: =屠宰价格明细!E81 -> 19.15 | E42: =屠宰价格明细!H80 -> -0.5 | F42: =屠宰价格明细!J80 -> -27.8 | G42: =屠宰价格明细!H81 -> -0.2 | H42: =屠宰价格明细!J81 -> -27.4
A43: 45902 | B43: 8月第3周 | C43: =屠宰价格明细!E82 -> 14.94 | D43: =屠宰价格明细!E83 -> 19.19 | E43: =屠宰价格明细!H82 -> -0.3 | F43: =屠宰价格明细!J82 -> -29 | G43: =屠宰价格明细!H83 -> -0.4 | H43: =屠宰价格明细!J83 -> -28.7
A44: 45895 | B44: 8月第2周 | C44: =屠宰价格明细!E84 -> 14.99 | D44: =屠宰价格明细!E85 -> 19.27 | E44: =屠宰价格明细!H84 -> -0.7 | F44: =屠宰价格明细!J84 -> -29.4 | G44: =屠宰价格明细!H85 -> -0.9 | H44: =屠宰价格明细!J85 -> -28.7
A45: 45895 | B45: 8月第1周 | C45: =屠宰价格明细!E86 -> 15.09 | D45: =屠宰价格明细!E87 -> 19.44 | E45: =屠宰价格明细!H86 -> -0.7 | F45: =屠宰价格明细!J86 -> -27.1 | G45: =屠宰价格明细!H87 -> -0.6 | H45: =屠宰价格明细!J87 -> -26.3
A46: 45895 | B46: 7月第5周 | C46: =屠宰价格明细!E88 -> 15.2 | D46: =屠宰价格明细!E89 -> 19.55 | E46: =屠宰价格明细!H88 -> -4 | F46: =屠宰价格明细!J88 -> -23.5 | G46: =屠宰价格明细!H89 -> -6.1 | H46: =屠宰价格明细!J89 -> -23.2
A47: 45875 | B47: 7月第4周 | C47: =屠宰价格明细!E90 -> 15.84 | D47: =屠宰价格明细!E91 -> 20.81 | E47: =屠宰价格明细!H90 -> -0.8 | F47: =屠宰价格明细!J90 -> -18.7 | G47: =屠宰价格明细!H91 -> -0.7 | H47: =屠宰价格明细!J91 -> -16.9
A48: 45868 | B48: 7月第3周 | C48: =屠宰价格明细!E92 -> 15.97 | D48: =屠宰价格明细!E93 -> 20.96 | E48: =屠宰价格明细!H92 -> -0.8 | F48: =屠宰价格明细!J92 -> -16.7 | G48: =屠宰价格明细!H93 -> -0.7 | H48: =屠宰价格明细!J93 -> -15
A49: 45860 | B49: 7月第2周 | C49: =屠宰价格明细!E94 -> 16.1 | D49: =屠宰价格明细!E95 -> 21.1 | E49: =屠宰价格明细!H94 -> 0.2 | F49: =屠宰价格明细!J94 -> -14.4 | G49: =屠宰价格明细!H95 -> 0.4 | H49: =屠宰价格明细!J95 -> -12.8
A50: 45852 | B50: 7月第1周 | C50: =屠宰价格明细!E96 -> 16.07 | D50: =屠宰价格明细!E97 -> 21.01 | E50: =屠宰价格明细!H96 -> 2 | F50: =屠宰价格明细!J96 -> -13.1 | G50: =屠宰价格明细!H97 -> 1.7 | H50: =屠宰价格明细!J97 -> -11.9
A51: 45847 | B51: 6月第4周 | C51: =屠宰价格明细!E98 -> 15.76 | D51: =屠宰价格明细!E99 -> 20.66 | E51: =屠宰价格明细!H98 -> 0.4 | F51: =屠宰价格明细!J98 -> -14 | G51: =屠宰价格明细!H99 -> 0.3 | H51: =屠宰价格明细!J99 -> -12.8
A52: 45838 | B52: 6月第3周 | C52: =屠宰价格明细!E100 -> 15.7 | D52: =屠宰价格明细!E101 -> 20.6 | E52: =屠宰价格明细!H100 -> 0.1 | F52: =屠宰价格明细!J100 -> -15.5 | G52: =屠宰价格明细!H101 -> 0.05 | H52: =屠宰价格明细!J101 -> -14.2
A53: 45831 | B53: 6月第2周 | C53: =屠宰价格明细!E102 -> 15.68 | D53: =屠宰价格明细!E103 -> 20.59 | E53: =屠宰价格明细!H102 -> -0.7 | F53: =屠宰价格明细!J102 -> -15.9 | G53: =屠宰价格明细!H103 -> -0.7 | H53: =屠宰价格明细!J103 -> -14.4
A54: 45821 | B54: 6月第1周 | C54: =屠宰价格明细!E104 -> 15.79 | D54: =屠宰价格明细!E105 -> 20.74 | E54: =屠宰价格明细!H104 -> -0.6 | F54: =屠宰价格明细!J104 -> -13.2 | G54: =屠宰价格明细!H105 -> -0.5 | H54: =屠宰价格明细!J105 -> -12
A55: 45817 | B55: 5月第5周 | C55: =屠宰价格明细!E106 -> 15.88 | D55: =屠宰价格明细!E107 -> 20.85 | E55: =屠宰价格明细!H106 -> -0.3 | F55: =屠宰价格明细!J106 -> -8.3 | G55: =屠宰价格明细!H107 -> -0.1 | H55: =屠宰价格明细!J107 -> -7.2
A56: 45807 | B56: 5月第4周 | C56: =屠宰价格明细!E108 -> 15.92 | D56: =屠宰价格明细!E109 -> 20.87 | E56: =屠宰价格明细!H108 -> -0.7 | F56: =屠宰价格明细!J108 -> -3.5 | G56: =屠宰价格明细!H109 -> -0.6 | H56: =屠宰价格明细!J109 -> -2.9
A57: 45803 | B57: 5月第3周 | C57: =屠宰价格明细!E110 -> 16.04 | D57: =屠宰价格明细!E111 -> 21 | E57: =屠宰价格明细!H110 -> -0.4 | F57: =屠宰价格明细!J110 -> 0.4 | G57: =屠宰价格明细!H111 -> -0.4 | H57: =屠宰价格明细!J111 -> 0.6
A58: 45793 | B58: 5月第2周 | C58: =屠宰价格明细!E112 -> 16.11 | D58: =屠宰价格明细!E113 -> 21.08 | E58: =屠宰价格明细!H112 -> -0.2 | F58: =屠宰价格明细!J112 -> 1.4 | G58: =屠宰价格明细!H113 -> -0.4 | H58: =屠宰价格明细!J113 -> 1.4
A59: 45789 | B59: 5月第1周 | C59: =屠宰价格明细!E114 -> 16.15 | D59: =屠宰价格明细!E115 -> 21.16 | E59: =屠宰价格明细!H114 -> -0.3 | F59: =屠宰价格明细!J114 -> 1.4 | G59: =屠宰价格明细!H115 -> -0.3 | H59: =屠宰价格明细!J115 -> 1.5
A60: 45783 | B60: 4月第4周 | C60: =屠宰价格明细!E116 -> 16.2 | D60: =屠宰价格明细!E117 -> 21.23 | E60: =屠宰价格明细!H116 -> 0.1 | F60: =屠宰价格明细!J116 -> 1.5 | G60: =屠宰价格明细!H117 -> 0.1 | H60: =屠宰价格明细!J117 -> 1.7
A61: 45772 | B61: 4月第3周 | C61: =屠宰价格明细!E118 -> 16.19 | D61: =屠宰价格明细!E119 -> 21.2 | E61: =屠宰价格明细!H118 -> 0.3 | F61: =屠宰价格明细!J118 -> 1.2 | G61: =屠宰价格明细!H119 -> 0.2 | H61: =屠宰价格明细!J119 -> 1.3
